VGB_V,ID_A_VDS=0.05,ID_A_VDS=0.6,ID_A_VDS=1.2
0,5.74744736e-10,1.394028131e-09,3.09028033e-09
0.001,5.923118935e-10,1.43663672e-09,3.184734592e-09
0.002,6.104159927e-10,1.48054764e-09,3.28207582e-09
0.003,6.290734452e-10,1.525800697e-09,3.382392252e-09
0.004,6.483011642e-10,1.572436912e-09,3.485774823e-09
0.005,6.681165798e-10,1.62049856e-09,3.592317247e-09
0.006,6.88537655e-10,1.670029211e-09,3.702116101e-09
0.007,7.095829016e-10,1.721073764e-09,3.815270915e-09
0.008,7.312713976e-10,1.77367849e-09,3.931884262e-09
0.009,7.536228036e-10,1.827891075e-09,4.052061846e-09
0.01,7.766573814e-10,1.883760664e-09,4.175912606e-09
0.011,8.003960122e-10,1.941337902e-09,4.303548808e-09
0.012,8.248602153e-10,2.000674983e-09,4.43508615e-09
0.013,8.500721676e-10,2.061825695e-09,4.570643865e-09
0.014,8.76054724e-10,2.124845471e-09,4.710344831e-09
0.015,9.028314379e-10,2.189791439e-09,4.854315681e-09
0.016,9.304265825e-10,2.256722471e-09,5.00268692e-09
0.017,9.588651732e-10,2.32569924e-09,5.155593038e-09
0.018,9.881729896e-10,2.396784274e-09,5.313172637e-09
0.019,1.018376599e-09,2.470042009e-09,5.475568557e-09
0.02,1.049503382e-09,2.545538853e-09,5.642928e-09
0.021,1.081581555e-09,2.623343244e-09,5.815402668e-09
0.022,1.114640197e-09,2.703525709e-09,5.993148901e-09
0.023,1.148709275e-09,2.786158935e-09,6.176327815e-09
0.024,1.183819673e-09,2.871317825e-09,6.36510545e-09
0.025,1.220003219e-09,2.959079576e-09,6.559652922e-09
0.026,1.257292714e-09,3.049523741e-09,6.760146574e-09
0.027,1.295721959e-09,3.142732308e-09,6.966768139e-09
0.028,1.335325793e-09,3.238789767e-09,7.179704907e-09
0.029,1.376140114e-09,3.337783194e-09,7.399149887e-09
0.03,1.418201922e-09,3.439802322e-09,7.62530199e-09
0.031,1.461549345e-09,3.544939631e-09,7.858366204e-09
0.032,1.506221678e-09,3.653290424e-09,8.098553782e-09
0.033,1.552259416e-09,3.764952918e-09,8.346082433e-09
0.034,1.599704292e-09,3.880028334e-09,8.601176519e-09
0.035,1.648599314e-09,3.998620982e-09,8.864067258e-09
0.036,1.698988806e-09,4.120838364e-09,9.134992936e-09
0.037,1.750918445e-09,4.246791265e-09,9.414199119e-09
0.038,1.804435305e-09,4.376593858e-09,9.701938877e-09
0.039,1.859587899e-09,4.510363804e-09,9.998473015e-09
0.04,1.916426222e-09,4.64822236e-09,1.030407031e-08
0.041,1.975001796e-09,4.79029449e-09,1.061900774e-08
0.042,2.035367721e-09,4.936708976e-09,1.094357077e-08
0.043,2.097578717e-09,5.087598535e-09,1.127805357e-08
0.044,2.161691177e-09,5.243099943e-09,1.16227593e-08
0.045,2.227763219e-09,5.403354154e-09,1.19780004e-08
0.046,2.295854735e-09,5.568506431e-09,1.234409883e-08
0.047,2.36602745e-09,5.738706475e-09,1.272138642e-08
0.048,2.438344973e-09,5.914108563e-09,1.311020511e-08
0.049,2.512872858e-09,6.094871687e-09,1.351090731e-08
0.05,2.589678665e-09,6.281159697e-09,1.39238562e-08
0.051,2.668832014e-09,6.473141454e-09,1.434942603e-08
0.052,2.750404658e-09,6.670990974e-09,1.478800252e-08
0.053,2.834470539e-09,6.874887596e-09,1.523998316e-08
0.054,2.92110586e-09,7.085016137e-09,1.570577757e-08
0.055,3.010389154e-09,7.301567063e-09,1.618580793e-08
0.056,3.102401354e-09,7.52473666e-09,1.668050926e-08
0.057,3.197225865e-09,7.754727216e-09,1.719032993e-08
0.058,3.294948643e-09,7.991747196e-09,1.771573197e-08
0.059,3.395658269e-09,8.236011439e-09,1.825719155e-08
0.06,3.499446034e-09,8.487741348e-09,1.881519937e-08
0.061,3.606406016e-09,8.747165093e-09,1.939026114e-08
0.062,3.71663517e-09,9.014517817e-09,1.998289801e-08
0.063,3.830233414e-09,9.290041848e-09,2.059364706e-08
0.064,3.94730372e-09,9.57398692e-09,2.122306177e-08
0.065,4.067952206e-09,9.866610398e-09,2.187171253e-08
0.066,4.192288233e-09,1.016817751e-08,2.254018717e-08
0.067,4.320424506e-09,1.04789616e-08,2.322909147e-08
0.068,4.452477174e-09,1.079924435e-08,2.393904972e-08
0.069,4.588565933e-09,1.112931605e-08,2.467070527e-08
0.07,4.728814142e-09,1.146947588e-08,2.542472114e-08
0.071,4.873348924e-09,1.182003214e-08,2.620178059e-08
0.072,5.022301293e-09,1.218130256e-08,2.700258777e-08
0.073,5.175806263e-09,1.255361459e-08,2.782786834e-08
0.074,5.334002975e-09,1.293730566e-08,2.867837011e-08
0.075,5.497034823e-09,1.333272354e-08,2.955486373e-08
0.076,5.665049582e-09,1.374022661e-08,3.045814343e-08
0.077,5.838199545e-09,1.41601842e-08,3.138902766e-08
0.078,6.016641658e-09,1.459297693e-08,3.234835989e-08
0.079,6.200537662e-09,1.503899705e-08,3.333700934e-08
0.08,6.390054243e-09,1.549864879e-08,3.435587181e-08
0.081,6.58536318e-09,1.597234875e-08,3.540587041e-08
0.082,6.786641502e-09,1.646052624e-08,3.64879565e-08
0.083,6.994071646e-09,1.696362369e-08,3.760311046e-08
0.084,7.207841627e-09,1.748209706e-08,3.875234263e-08
0.085,7.428145204e-09,1.801641622e-08,3.99366942e-08
0.086,7.655182057e-09,1.856706542e-08,4.115723816e-08
0.087,7.889157969e-09,1.91345437e-08,4.241508026e-08
0.088,8.130285009e-09,1.971936533e-08,4.371136004e-08
0.089,8.37878173e-09,2.032206031e-08,4.504725181e-08
0.09,8.634873362e-09,2.094317483e-08,4.642396578e-08
0.091,8.898792016e-09,2.158327177e-08,4.784274907e-08
0.092,9.170776899e-09,2.224293119e-08,4.930488691e-08
0.093,9.451074525e-09,2.29227509e-08,5.081170377e-08
0.094,9.739938941e-09,2.362334695e-08,5.236456456e-08
0.095,1.003763196e-08,2.434535421e-08,5.396487586e-08
0.096,1.034442339e-08,2.508942697e-08,5.561408719e-08
0.097,1.066059129e-08,2.585623948e-08,5.731369234e-08
0.098,1.09864222e-08,2.664648661e-08,5.90652307e-08
0.099,1.132221145e-08,2.746088444e-08,6.087028865e-08
0.1,1.166826335e-08,2.830017093e-08,6.2730501e-08
0.101,1.202489153e-08,2.916510659e-08,6.464755247e-08
0.102,1.239241922e-08,3.005647515e-08,6.662317919e-08
0.103,1.27711795e-08,3.09750843e-08,6.86591703e-08
0.104,1.316151563e-08,3.192176637e-08,7.075736956e-08
0.105,1.356378138e-08,3.289737915e-08,7.291967696e-08
0.106,1.397834129e-08,3.390280661e-08,7.514805053e-08
0.107,1.440557108e-08,3.493895971e-08,7.744450802e-08
0.108,1.484585793e-08,3.600677726e-08,7.981112877e-08
0.109,1.529960084e-08,3.710722673e-08,8.225005557e-08
0.11,1.576721101e-08,3.824130513e-08,8.47634966e-08
0.111,1.624911222e-08,3.941003995e-08,8.73537274e-08
0.112,1.674574117e-08,4.061449001e-08,9.002309297e-08
0.113,1.725754791e-08,4.185574653e-08,9.277400982e-08
0.114,1.778499624e-08,4.3134934e-08,9.560896821e-08
0.115,1.832856415e-08,4.445321127e-08,9.853053435e-08
0.116,1.888874419e-08,4.58117726e-08,1.015413527e-07
0.117,1.9466044e-08,4.721184868e-08,1.046441485e-07
0.118,2.006098669e-08,4.86547078e-08,1.0784173e-07
0.119,2.067411139e-08,5.014165699e-08,1.111369911e-07
0.12,2.130597367e-08,5.167404317e-08,1.145329139e-07
0.121,2.195714608e-08,5.325325438e-08,1.180325717e-07
0.122,2.262821866e-08,5.488072107e-08,1.216391312e-07
0.123,2.331979947e-08,5.655791733e-08,1.253558558e-07
0.124,2.403251515e-08,5.828636227e-08,1.291861083e-07
0.125,2.476701149e-08,6.006762139e-08,1.331333543e-07
0.126,2.552395397e-08,6.190330794e-08,1.372011646e-07
0.127,2.630402844e-08,6.379508446e-08,1.413932191e-07
0.128,2.710794166e-08,6.574466423e-08,1.457133099e-07
0.129,2.793642201e-08,6.775381281e-08,1.501653446e-07
0.13,2.87902201e-08,6.982434966e-08,1.547533497e-07
0.131,2.967010946e-08,7.195814979e-08,1.594814747e-07
0.132,3.057688725e-08,7.41571454e-08,1.643539953e-07
0.133,3.151137498e-08,7.64233277e-08,1.693753175e-07
0.134,3.247441923e-08,7.875874863e-08,1.745499815e-07
0.135,3.346689246e-08,8.116552277e-08,1.798826658e-07
0.136,3.448969375e-08,8.364582923e-08,1.853781914e-07
0.137,3.554374965e-08,8.620191359e-08,1.910415261e-07
0.138,3.6630015e-08,8.883608997e-08,1.968777889e-07
0.139,3.774947377e-08,9.155074308e-08,2.028922546e-07
0.14,3.890314002e-08,9.434833038e-08,2.090903588e-07
0.141,4.009205875e-08,9.723138432e-08,2.154777022e-07
0.142,4.131730685e-08,1.002025146e-07,2.220600562e-07
0.143,4.257999411e-08,1.032644104e-07,2.288433677e-07
0.144,4.388126419e-08,1.064198432e-07,2.358337645e-07
0.145,4.522229568e-08,1.096716688e-07,2.430375608e-07
0.146,4.660430314e-08,1.1302283e-07,2.50461263e-07
0.147,4.80285382e-08,1.164763597e-07,2.581115752e-07
0.148,4.94962907e-08,1.200353829e-07,2.659954054e-07
0.149,5.100888986e-08,1.2370312e-07,2.741198715e-07
0.15,5.256770546e-08,1.274828898e-07,2.824923079e-07
0.151,5.41741491e-08,1.313781119e-07,2.911202719e-07
0.152,5.582967545e-08,1.353923106e-07,3.000115503e-07
0.153,5.753578359e-08,1.395291172e-07,3.091741664e-07
0.154,5.929401833e-08,1.437922738e-07,3.186163876e-07
0.155,6.110597163e-08,1.481856367e-07,3.283467318e-07
0.156,6.297328404e-08,1.527131796e-07,3.38373976e-07
0.157,6.489764615e-08,1.573789973e-07,3.487071633e-07
0.158,6.688080013e-08,1.621873093e-07,3.593556115e-07
0.159,6.892454133e-08,1.671424637e-07,3.70328921e-07
0.16,7.103071984e-08,1.72248941e-07,3.816369833e-07
0.161,7.320124222e-08,1.775113583e-07,3.932899903e-07
0.162,7.543807316e-08,1.829344732e-07,4.052984425e-07
0.163,7.774323729e-08,1.885231881e-07,4.17673159e-07
0.164,8.011882101e-08,1.942825549e-07,4.304252867e-07
0.165,8.256697433e-08,2.002177792e-07,4.435663102e-07
0.166,8.508991283e-08,2.063342249e-07,4.57108062e-07
0.167,8.768991967e-08,2.126374194e-07,4.71062733e-07
0.168,9.036934761e-08,2.191330582e-07,4.854428831e-07
0.169,9.313062116e-08,2.258270101e-07,5.002614524e-07
0.17,9.597623875e-08,2.327253225e-07,5.155317723e-07
0.171,9.890877495e-08,2.398342268e-07,5.312675777e-07
0.172,1.019308829e-07,2.471601438e-07,5.474830186e-07
0.173,1.050452964e-07,2.547096898e-07,5.641926729e-07
0.174,1.082548328e-07,2.624896821e-07,5.814115588e-07
0.175,1.115623953e-07,2.705071452e-07,5.991551484e-07
0.176,1.149709754e-07,2.787693174e-07,6.174393807e-07
0.177,1.184836558e-07,2.872836568e-07,6.362806759e-07
0.178,1.221036133e-07,2.960578481e-07,6.556959497e-07
0.179,1.258341212e-07,3.050998095e-07,6.757026281e-07
0.18,1.296785528e-07,3.144176999e-07,6.963186622e-07
0.181,1.336403838e-07,3.240199258e-07,7.175625442e-07
0.182,1.377231961e-07,3.33915149e-07,7.394533234e-07
0.183,1.419306805e-07,3.441122942e-07,7.620106226e-07
0.184,1.462666401e-07,3.546205572e-07,7.852546552e-07
0.185,1.50734994e-07,3.654494126e-07,8.092062425e-07
0.186,1.553397804e-07,3.766086226e-07,8.338868321e-07
0.187,1.600851605e-07,3.881082455e-07,8.593185159e-07
0.188,1.649754221e-07,3.999586445e-07,8.855240495e-07
0.189,1.700149836e-07,4.121704972e-07,9.125268716e-07
0.19,1.752083975e-07,4.247548046e-07,9.40351124e-07
0.191,1.805603553e-07,4.377229012e-07,9.690216728e-07
0.192,1.860756906e-07,4.510864649e-07,9.98564129e-07
0.193,1.917593845e-07,4.648575273e-07,1.029004871e-06
0.194,1.976165694e-07,4.79048484e-07,1.060371066e-06
0.195,2.036525335e-07,4.936721063e-07,1.092690695e-06
0.196,2.09872726e-07,5.087415514e-07,1.125992575e-06
0.197,2.162827618e-07,5.24270375e-07,1.160306383e-06
0.198,2.22888426e-07,5.402725425e-07,1.195662684e-06
0.199,2.2969568e-07,5.567624415e-07,1.232092953e-06
0.2,2.367106658e-07,5.737548946e-07,1.269629604e-06
0.201,2.439397121e-07,5.912651718e-07,1.308306016e-06
0.202,2.5138934e-07,6.093090048e-07,1.348156562e-06
0.203,2.590662681e-07,6.279025997e-07,1.389216638e-06
0.204,2.669774193e-07,6.470626521e-07,1.43152269e-06
0.205,2.751299265e-07,6.668063609e-07,1.475112248e-06
0.206,2.835311388e-07,6.871514439e-07,1.520023953e-06
0.207,2.921886284e-07,7.081161527e-07,1.566297594e-06
0.208,3.01110197e-07,7.297192889e-07,1.613974135e-06
0.209,3.10303883e-07,7.519802204e-07,1.663095755e-06
0.21,3.197779682e-07,7.749188979e-07,1.713705877e-06
0.211,3.295409855e-07,7.985558727e-07,1.765849206e-06
0.212,3.396017262e-07,8.229123138e-07,1.819571767e-06
0.213,3.499692478e-07,8.480100267e-07,1.874920939e-06
0.214,3.606528824e-07,8.738714719e-07,1.931945496e-06
0.215,3.716622439e-07,9.005197846e-07,1.990695646e-06
0.216,3.830072378e-07,9.279787939e-07,2.051223069e-06
0.217,3.946980686e-07,9.562730439e-07,2.113580962e-06
0.218,4.067452499e-07,9.854278145e-07,2.177824079e-06
0.219,4.191596127e-07,1.015469143e-06,2.244008776e-06
0.22,4.319523157e-07,1.046423846e-06,2.312193054e-06
0.221,4.451348543e-07,1.078319543e-06,2.382436605e-06
0.222,4.587190714e-07,1.111184678e-06,2.454800862e-06
0.223,4.72717167e-07,1.145048548e-06,2.529349041e-06
0.224,4.871417096e-07,1.179941322e-06,2.606146197e-06
0.225,5.020056467e-07,1.21589407e-06,2.685259269e-06
0.226,5.17322316e-07,1.252938789e-06,2.766757135e-06
0.227,5.331054575e-07,1.29110843e-06,2.850710661e-06
0.228,5.493692248e-07,1.330436923e-06,2.937192759e-06
0.229,5.661281979e-07,1.37095921e-06,3.026278443e-06
0.23,5.833973956e-07,1.41271127e-06,3.118044879e-06
0.231,6.011922885e-07,1.455730151e-06,3.212571451e-06
0.232,6.195288124e-07,1.500054001e-06,3.309939814e-06
0.233,6.384233821e-07,1.545722098e-06,3.410233958e-06
0.234,6.578929054e-07,1.592774883e-06,3.513540269e-06
0.235,6.779547978e-07,1.641253997e-06,3.619947591e-06
0.236,6.986269974e-07,1.691202309e-06,3.729547292e-06
0.237,7.199279802e-07,1.742663954e-06,3.84243333e-06
0.238,7.418767761e-07,1.795684371e-06,3.95870232e-06
0.239,7.644929848e-07,1.850310337e-06,4.078453602e-06
0.24,7.877967929e-07,1.906590007e-06,4.201789311e-06
0.241,8.11808991e-07,1.964572949e-06,4.328814451e-06
0.242,8.365509913e-07,2.024310192e-06,4.459636965e-06
0.243,8.620448454e-07,2.085854257e-06,4.59436781e-06
0.244,8.883132637e-07,2.149259207e-06,4.733121036e-06
0.245,9.15379634e-07,2.214580686e-06,4.876013856e-06
0.246,9.432680413e-07,2.281875963e-06,5.023166734e-06
0.247,9.720032883e-07,2.35120398e-06,5.174703457e-06
0.248,1.001610916e-06,2.422625396e-06,5.330751222e-06
0.249,1.032117225e-06,2.496202635e-06,5.491440713e-06
0.25,1.063549296e-06,2.571999934e-06,5.656906191e-06
0.251,1.095935018e-06,2.650083396e-06,5.827285578e-06
0.252,1.129303103e-06,2.730521036e-06,6.002720542e-06
0.253,1.163683116e-06,2.813382838e-06,6.183356584e-06
0.254,1.199105496e-06,2.898740806e-06,6.369343135e-06
0.255,1.235601586e-06,2.986669019e-06,6.560833638e-06
0.256,1.273203651e-06,3.077243686e-06,6.757985643e-06
0.257,1.311944911e-06,3.170543208e-06,6.960960905e-06
0.258,1.351859566e-06,3.266648229e-06,7.169925471e-06
0.259,1.392982822e-06,3.365641703e-06,7.38504978e-06
0.26,1.435350921e-06,3.467608952e-06,7.60650876e-06
0.261,1.479001173e-06,3.572637727e-06,7.834481924e-06
0.262,1.523971979e-06,3.680818276e-06,8.069153468e-06
0.263,1.57030287e-06,3.792243407e-06,8.310712373e-06
0.264,1.618034532e-06,3.907008554e-06,8.559352505e-06
0.265,1.667208841e-06,4.025211847e-06,8.815272715e-06
0.266,1.717868899e-06,4.146954181e-06,9.078676941e-06
0.267,1.770059061e-06,4.272339284e-06,9.349774313e-06
0.268,1.823824977e-06,4.401473794e-06,9.628779252e-06
0.269,1.879213622e-06,4.534467332e-06,9.91591158e-06
0.27,1.936273336e-06,4.671432572e-06,1.021139662e-05
0.271,1.995053862e-06,4.812485325e-06,1.051546529e-05
0.272,2.055606381e-06,4.95774461e-06,1.082835424e-05
0.273,2.117983553e-06,5.107332739e-06,1.115030592e-05
0.274,2.182239557e-06,5.261375395e-06,1.14815687e-05
0.275,2.248430133e-06,5.420001714e-06,1.182239698e-05
0.276,2.316612623e-06,5.583344371e-06,1.217305128e-05
0.277,2.386846013e-06,5.751539661e-06,1.253379835e-05
0.278,2.45919098e-06,5.92472759e-06,1.29049113e-05
0.279,2.533709931e-06,6.103051958e-06,1.328666965e-05
0.28,2.610467058e-06,6.286660452e-06,1.367935946e-05
0.281,2.689528376e-06,6.475704733e-06,1.408327345e-05
0.282,2.770961775e-06,6.67034053e-06,1.449871107e-05
0.283,2.854837069e-06,6.870727733e-06,1.492597858e-05
0.284,2.941226046e-06,7.077030483e-06,1.536538922e-05
0.285,3.030202517e-06,7.289417271e-06,1.581726322e-05
0.286,3.12184237e-06,7.508061034e-06,1.628192796e-05
0.287,3.216223621e-06,7.73313925e-06,1.675971801e-05
0.288,3.313426471e-06,7.964834039e-06,1.725097525e-05
0.289,3.413533358e-06,8.203332259e-06,1.775604894e-05
0.29,3.516629014e-06,8.448825609e-06,1.827529582e-05
0.291,3.622800523e-06,8.70151073e-06,1.880908017e-05
0.292,3.732137378e-06,8.961589304e-06,1.935777392e-05
0.293,3.844731542e-06,9.229268158e-06,1.992175668e-05
0.294,3.960677506e-06,9.504759369e-06,2.050141584e-05
0.295,4.080072348e-06,9.788280363e-06,2.109714664e-05
0.296,4.203015803e-06,1.008005402e-05,2.17093522e-05
0.297,4.329610318e-06,1.038030879e-05,2.233844364e-05
0.298,4.45996112e-06,1.068927878e-05,2.298484007e-05
0.299,4.594176278e-06,1.100720385e-05,2.364896869e-05
0.3,4.732366774e-06,1.133432977e-05,2.433126478e-05
0.301,4.874646566e-06,1.167090826e-05,2.503217182e-05
0.302,5.021132654e-06,1.201719712e-05,2.575214145e-05
0.303,5.171945153e-06,1.237346036e-05,2.649163354e-05
0.304,5.32720736e-06,1.273996826e-05,2.72511162e-05
0.305,5.487045822e-06,1.311699749e-05,2.803106583e-05
0.306,5.65159041e-06,1.350483123e-05,2.883196707e-05
0.307,5.820974389e-06,1.390375925e-05,2.965431288e-05
0.308,5.99533449e-06,1.431407801e-05,3.049860448e-05
0.309,6.174810981e-06,1.473609077e-05,3.136535138e-05
0.31,6.359547743e-06,1.517010767e-05,3.225507136e-05
0.311,6.549692341e-06,1.561644584e-05,3.316829045e-05
0.312,6.7453961e-06,1.607542951e-05,3.410554289e-05
0.313,6.946814176e-06,1.654739006e-05,3.506737113e-05
0.314,7.154105633e-06,1.703266613e-05,3.605432576e-05
0.315,7.367433518e-06,1.753160373e-05,3.706696547e-05
0.316,7.586964934e-06,1.804455629e-05,3.8105857e-05
0.317,7.812871113e-06,1.857188475e-05,3.917157508e-05
0.318,8.045327495e-06,1.911395765e-05,4.026470237e-05
0.319,8.284513797e-06,1.967115121e-05,4.138582935e-05
0.32,8.530614093e-06,2.024384939e-05,4.253555427e-05
0.321,8.783816881e-06,2.083244394e-05,4.371448305e-05
0.322,9.04431516e-06,2.143733452e-05,4.492322918e-05
0.323,9.312306501e-06,2.205892871e-05,4.616241359e-05
0.324,9.587993118e-06,2.269764208e-05,4.743266459e-05
0.325,9.87158194e-06,2.335389825e-05,4.87346177e-05
0.326,1.016328468e-05,2.402812896e-05,5.006891553e-05
0.327,1.046331789e-05,2.472077405e-05,5.143620768e-05
0.328,1.077190307e-05,2.543228156e-05,5.283715055e-05
0.329,1.108926667e-05,2.616310773e-05,5.427240723e-05
0.33,1.141564021e-05,2.691371703e-05,5.574264731e-05
0.331,1.17512603e-05,2.768458221e-05,5.724854675e-05
0.332,1.209636873e-05,2.847618426e-05,5.879078767e-05
0.333,1.245121252e-05,2.928901249e-05,6.037005824e-05
0.334,1.281604395e-05,3.012356447e-05,6.198705242e-05
0.335,1.319112065e-05,3.098034605e-05,6.364246983e-05
0.336,1.357670563e-05,3.185987137e-05,6.533701553e-05
0.337,1.397306731e-05,3.276266282e-05,6.707139985e-05
0.338,1.438047962e-05,3.368925103e-05,6.884633814e-05
0.339,1.479922195e-05,3.464017484e-05,7.06625506e-05
0.34,1.522957928e-05,3.561598124e-05,7.252076207e-05
0.341,1.567184215e-05,3.661722536e-05,7.442170179e-05
0.342,1.61263067e-05,3.76444704e-05,7.636610317e-05
0.343,1.659327473e-05,3.869828758e-05,7.835470362e-05
0.344,1.707305366e-05,3.977925606e-05,8.038824426e-05
0.345,1.75659566e-05,4.088796289e-05,8.246746973e-05
0.346,1.807230232e-05,4.20250029e-05,8.459312793e-05
0.347,1.859241527e-05,4.319097865e-05,8.676596982e-05
0.348,1.912662559e-05,4.438650029e-05,8.898674913e-05
0.349,1.967526909e-05,4.561218549e-05,9.125622218e-05
0.35,2.023868723e-05,4.686865932e-05,9.357514758e-05
0.351,2.081722713e-05,4.815655413e-05,9.594428603e-05
0.352,2.141124151e-05,4.947650943e-05,9.836440007e-05
0.353,2.202108869e-05,5.082917176e-05,0.0001008362538
0.354,2.264713253e-05,5.221519452e-05,0.0001033606128
0.355,2.32897424e-05,5.363523788e-05,0.0001059382435
0.356,2.394929311e-05,5.508996858e-05,0.0001085699134
0.357,2.462616489e-05,5.658005979e-05,0.0001112563905
0.358,2.532074327e-05,5.810619094e-05,0.0001139984434
0.359,2.603341904e-05,5.966904755e-05,0.0001167968406
0.36,2.676458818e-05,6.126932106e-05,0.0001196523506
0.361,2.751465174e-05,6.29077086e-05,0.0001225657415
0.362,2.828401573e-05,6.458491287e-05,0.000125537781
0.363,2.907309108e-05,6.63016419e-05,0.0001285692358
0.364,2.988229346e-05,6.805860884e-05,0.0001316608718
0.365,3.07120432e-05,6.985653179e-05,0.0001348134534
0.366,3.156276512e-05,7.169613356e-05,0.0001380277439
0.367,3.243488843e-05,7.357814148e-05,0.0001413045044
0.368,3.332884656e-05,7.550328715e-05,0.0001446444946
0.369,3.424507702e-05,7.747230625e-05,0.0001480484718
0.37,3.518402121e-05,7.948593828e-05,0.0001515171912
0.371,3.614612428e-05,8.154492637e-05,0.0001550514051
0.372,3.713183492e-05,8.3650017e-05,0.0001586518636
0.373,3.814160517e-05,8.580195982e-05,0.0001623193135
0.374,3.917589027e-05,8.800150736e-05,0.0001660544986
0.375,4.023514839e-05,9.024941482e-05,0.0001698581595
0.376,4.131984046e-05,9.254643985e-05,0.0001737310333
0.377,4.24304299e-05,9.489334224e-05,0.0001776738534
0.378,4.356738247e-05,9.729088376e-05,0.0001816873495
0.379,4.473116594e-05,9.973982786e-05,0.0001857722473
0.38,4.592224993e-05,0.0001022409395,0.0001899292683
0.381,4.714110558e-05,0.0001047949847,0.0001941591297
0.382,4.838820536e-05,0.0001074027306,0.0001984625445
0.383,4.966402274e-05,0.000110064945,0.0002028402208
0.384,5.096903199e-05,0.0001127823962,0.0002072928621
0.385,5.230370784e-05,0.0001155558528,0.0002118211672
0.386,5.366852523e-05,0.0001183860834,0.0002164258297
0.387,5.506395899e-05,0.0001212738562,0.0002211075383
0.388,5.64904836e-05,0.0001242199392,0.0002258669763
0.389,5.794857283e-05,0.0001272250995,0.0002307048217
0.39,5.943869949e-05,0.0001302901034,0.0002356217471
0.391,6.096133509e-05,0.0001334157161,0.0002406184196
0.392,6.251694953e-05,0.0001366027012,0.0002456955006
0.393,6.410601081e-05,0.0001398518209,0.0002508536456
0.394,6.57289847e-05,0.0001431638356,0.0002560935046
0.395,6.738633442e-05,0.0001465395036,0.0002614157214
0.396,6.907852033e-05,0.000149979581,0.000266820934
0.397,7.080599961e-05,0.0001534848216,0.0002723097741
0.398,7.256922592e-05,0.0001570559763,0.0002778828677
0.399,7.436864911e-05,0.0001606937935,0.000283540834
0.4,7.620471488e-05,0.0001643990183,0.0002892842864
0.401,7.807786447e-05,0.0001681723928,0.0002951138319
0.402,7.998853433e-05,0.0001720146555,0.000301030071
0.403,8.193715584e-05,0.0001759265416,0.0003070335978
0.404,8.392415493e-05,0.0001799087825,0.0003131250001
0.405,8.594995183e-05,0.0001839621055,0.0003193048589
0.406,8.801496076e-05,0.000188087234,0.000325573749
0.407,9.011958958e-05,0.0001922848873,0.0003319322385
0.408,9.226423955e-05,0.0001965557801,0.0003383808887
0.409,9.444930499e-05,0.0002009006226,0.0003449202546
0.41,9.667517303e-05,0.0002053201206,0.0003515508843
0.411,9.894222329e-05,0.0002098149749,0.0003582733195
0.412,0.0001012508277,0.0002143858814,0.0003650880949
0.413,0.00010360135,0.0002190335308,0.0003719957386
0.414,0.0001059941457,0.000223758609,0.0003789967723
0.415,0.000108429562,0.0002285617963,0.0003860917107
0.416,0.0001109079369,0.0002334437677,0.0003932810617
0.417,0.0001134295997,0.0002384051927,0.0004005653269
0.418,0.0001159948702,0.0002434467352,0.0004079450007
0.419,0.000118604059,0.0002485690534,0.0004154205713
0.42,0.0001212574668,0.0002537727998,0.0004229925197
0.421,0.0001239553844,0.0002590586207,0.0004306613207
0.422,0.0001266980927,0.0002644271569,0.0004384274421
0.423,0.0001294858622,0.0002698790427,0.0004462913453
0.424,0.0001323189531,0.0002754149068,0.0004542534848
0.425,0.000135197615,0.0002810353713,0.0004623143086
0.426,0.0001381220867,0.0002867410522,0.0004704742583
0.427,0.0001410925961,0.0002925325593,0.0004787337687
0.428,0.0001441093605,0.000298410496,0.000487093268
0.429,0.0001471725856,0.0003043754592,0.0004955531782
0.43,0.0001502824663,0.0003104280395,0.0005041139145
0.431,0.000153439186,0.0003165688209,0.0005127758859
0.432,0.000156642917,0.000322798381,0.0005215394946
0.433,0.0001598938199,0.0003291172907,0.0005304051369
0.434,0.0001631920441,0.0003355261145,0.0005393732025
0.435,0.0001665377274,0.00034202541,0.0005484440746
0.436,0.000169930996,0.0003486157285,0.0005576181305
0.437,0.0001733719647,0.0003552976144,0.000566895741
0.438,0.0001768607367,0.0003620716055,0.0005762772708
0.439,0.0001803974037,0.0003689382329,0.0005857630784
0.44,0.0001839820459,0.0003758980212,0.0005953535161
0.441,0.000187614732,0.0003829514879,0.0006050489304
0.442,0.0001912955193,0.0003900991441,0.0006148496615
0.443,0.0001950244536,0.0003973414941,0.0006247560438
0.444,0.0001988015697,0.0004046790356,0.0006347684056
0.445,0.0002026268909,0.0004121122593,0.0006448870693
0.446,0.0002065004293,0.0004196416497,0.0006551123518
0.447,0.0002104221863,0.0004272676841,0.0006654445638
0.448,0.0002143921521,0.0004349908334,0.0006758840103
0.449,0.0002184103062,0.0004428115618,0.000686430991
0.45,0.0002224766172,0.000450730327,0.0006970857994
0.451,0.0002265910434,0.0004587475798,0.0007078487238
0.452,0.0002307535327,0.0004668637645,0.0007187200467
0.453,0.0002349640226,0.0004750793189,0.0007297000454
0.454,0.0002392224405,0.0004833946743,0.0007407889915
0.455,0.0002435287039,0.0004918102553,0.0007519871514
0.456,0.0002478827207,0.0005003264801,0.0007632947858
0.457,0.0002522843892,0.0005089437604,0.0007747121506
0.458,0.000256733598,0.0005176625015,0.0007862394962
0.459,0.0002612302269,0.0005264831022,0.0007978770678
0.46,0.0002657741466,0.0005354059551,0.0008096251056
0.461,0.000270365219,0.0005444314463,0.0008214838446
0.462,0.0002750032974,0.0005535599558,0.0008334535149
0.463,0.0002796882269,0.0005627918571,0.0008455343414
0.464,0.0002844198442,0.0005721275176,0.0008577265445
0.465,0.0002891979784,0.0005815672985,0.0008700303393
0.466,0.0002940224507,0.0005911115551,0.0008824459363
0.467,0.0002988930749,0.0006007606361,0.0008949735414
0.468,0.0003038096576,0.0006105148847,0.0009076133554
0.469,0.0003087719983,0.0006203746377,0.0009203655748
0.47,0.00031377989,0.0006303402262,0.0009332303914
0.471,0.0003188331189,0.0006404119752,0.0009462079923
0.472,0.000323931465,0.0006505902039,0.0009592985605
0.473,0.0003290747023,0.0006608752258,0.0009725022741
0.474,0.0003342625988,0.0006712673485,0.0009858193071
0.475,0.0003394949171,0.0006817668739,0.0009992498291
0.476,0.0003447714143,0.0006923740983,0.001012794005
0.477,0.0003500918426,0.0007030893122,0.001026451997
0.478,0.0003554559491,0.0007139128007,0.001040223961
0.479,0.0003608634762,0.0007248448435,0.00105411005
0.48,0.0003663141621,0.0007358857145,0.001068110413
0.481,0.0003718077406,0.0007470356825,0.001082225195
0.482,0.0003773439415,0.0007582950107,0.001096454536
0.483,0.0003829224911,0.0007696639571,0.001110798573
0.484,0.0003885431118,0.0007811427746,0.001125257438
0.485,0.000394205523,0.0007927317105,0.001139831262
0.486,0.0003999094407,0.0008044310074,0.001154520169
0.487,0.0004056545781,0.0008162409024,0.001169324282
0.488,0.0004114406458,0.0008281616279,0.001184243717
0.489,0.0004172673518,0.000840193411,0.001199278589
0.49,0.0004231344017,0.0008523364742,0.001214429009
0.491,0.0004290414992,0.0008645910347,0.001229695085
0.492,0.0004349883459,0.0008769573053,0.001245076919
0.493,0.0004409746417,0.0008894354938,0.001260574612
0.494,0.000447000085,0.0009020258031,0.001276188261
0.495,0.0004530643728,0.0009147284318,0.001291917959
0.496,0.0004591672007,0.0009275435737,0.001307763798
0.497,0.0004653082635,0.000940471418,0.001323725862
0.498,0.0004714872551,0.0009535121493,0.001339804237
0.499,0.0004777038684,0.0009666659481,0.001355999003
0.5,0.0004839577961,0.0009799329901,0.001372310238
0.501,0.0004902487301,0.0009933134469,0.001388738015
0.502,0.0004965763624,0.001006807486,0.001405282406
0.503,0.0005029403844,0.001020415269,0.001421943479
0.504,0.000509340488,0.001034136956,0.001438721301
0.505,0.0005157763647,0.001047972702,0.001455615932
0.506,0.0005222477066,0.001061922656,0.001472627433
0.507,0.0005287542062,0.001075986966,0.001489755861
0.508,0.000535295556,0.001090165773,0.00150700127
0.509,0.0005418714498,0.001104459216,0.00152436371
0.51,0.0005484815814,0.00111886743,0.00154184323
0.511,0.0005551256459,0.001133390546,0.001559439877
0.512,0.000561803339,0.00114802869,0.001577153693
0.513,0.0005685143576,0.001162781986,0.001594984719
0.514,0.0005752583996,0.001177650554,0.001612932993
0.515,0.0005820351639,0.001192634509,0.00163099855
0.516,0.0005888443509,0.001207733963,0.001649181424
0.517,0.0005956856623,0.001222949025,0.001667481645
0.518,0.0006025588011,0.001238279801,0.001685899242
0.519,0.0006094634717,0.001253726393,0.00170443424
0.52,0.0006163993802,0.001269288898,0.001723086662
0.521,0.0006233662343,0.001284967411,0.001741856531
0.522,0.0006303637432,0.001300762025,0.001760743864
0.523,0.0006373916181,0.001316672827,0.001779748679
0.524,0.0006444495717,0.001332699904,0.001798870989
0.525,0.0006515373186,0.001348843335,0.001818110808
0.526,0.0006586545754,0.001365103202,0.001837468145
0.527,0.0006658010604,0.001381479579,0.001856943008
0.528,0.000672976494,0.001397972539,0.001876535404
0.529,0.0006801805986,0.001414582151,0.001896245336
0.53,0.0006874130986,0.001431308483,0.001916072806
0.531,0.0006946737204,0.001448151598,0.001936017814
0.532,0.0007019621926,0.001465111556,0.001956080359
0.533,0.0007092782459,0.001482188417,0.001976260435
0.534,0.000716621613,0.001499382234,0.001996558038
0.535,0.0007239920289,0.001516693062,0.002016973159
0.536,0.0007313892308,0.001534120948,0.00203750579
0.537,0.0007388129582,0.001551665941,0.002058155918
0.538,0.0007462629526,0.001569328084,0.002078923531
0.539,0.0007537389578,0.001587107419,0.002099808614
0.54,0.00076124072,0.001605003987,0.00212081115
0.541,0.0007687679875,0.001623017822,0.002141931121
0.542,0.0007763205111,0.00164114896,0.002163168507
0.543,0.0007838980435,0.001659397431,0.002184523286
0.544,0.0007915003401,0.001677763266,0.002205995435
0.545,0.0007991271583,0.001696246491,0.002227584929
0.546,0.000806778258,0.001714847131,0.002249291743
0.547,0.0008144534013,0.001733565207,0.002271115847
0.548,0.0008221523525,0.00175240074,0.002293057213
0.549,0.0008298748784,0.001771353748,0.00231511581
0.55,0.0008376207479,0.001790424245,0.002337291604
0.551,0.0008453897325,0.001809612246,0.002359584563
0.552,0.0008531816056,0.00182891776,0.002381994651
0.553,0.0008609961431,0.001848340798,0.002404521832
0.554,0.0008688331231,0.001867881365,0.002427166066
0.555,0.0008766923262,0.001887539467,0.002449927315
0.556,0.0008845735348,0.001907315107,0.002472805539
0.557,0.0008924765341,0.001927208285,0.002495800694
0.558,0.0009004011111,0.001947219001,0.002518912738
0.559,0.0009083470553,0.00196734725,0.002542141625
0.56,0.0009163141583,0.001987593029,0.002565487311
0.561,0.0009243022139,0.00200795633,0.002588949747
0.562,0.0009323110182,0.002028437145,0.002612528886
0.563,0.0009403403693,0.002049035462,0.002636224678
0.564,0.0009483900678,0.00206975127,0.002660037072
0.565,0.000956459916,0.002090584555,0.002683966016
0.566,0.0009645497188,0.0021115353,0.002708011457
0.567,0.0009726592829,0.002132603489,0.002732173342
0.568,0.0009807884172,0.002153789101,0.002756451614
0.569,0.0009889369329,0.002175092117,0.002780846218
0.57,0.000997104643,0.002196512513,0.002805357096
0.571,0.001005291363,0.002218050265,0.00282998419
0.572,0.001013496909,0.002239705348,0.00285472744
0.573,0.001021721102,0.002261477735,0.002879586785
0.574,0.001029963761,0.002283367396,0.002904562165
0.575,0.001038224712,0.002305374302,0.002929653517
0.576,0.001046503778,0.002327498421,0.002954860778
0.577,0.001054800787,0.002349739719,0.002980183882
0.578,0.001063115568,0.002372098161,0.003005622765
0.579,0.001071447953,0.002394573712,0.003031177361
0.58,0.001079797774,0.002417166335,0.003056847602
0.581,0.001088164865,0.00243987599,0.00308263342
0.582,0.001096549065,0.002462702637,0.003108534747
0.583,0.001104950211,0.002485646234,0.003134551513
0.584,0.001113368143,0.00250870674,0.003160683647
0.585,0.001121802704,0.002531884109,0.003186931078
0.586,0.001130253739,0.002555178296,0.003213293734
0.587,0.001138721092,0.002578589255,0.003239771541
0.588,0.001147204612,0.002602116938,0.003266364427
0.589,0.001155704147,0.002625761296,0.003293072315
0.59,0.001164219548,0.002649522279,0.003319895131
0.591,0.001172750669,0.002673399835,0.0033468328
0.592,0.001181297364,0.002697393912,0.003373885243
0.593,0.001189859488,0.002721504456,0.003401052384
0.594,0.0011984369,0.002745731412,0.003428334144
0.595,0.001207029459,0.002770074725,0.003455730445
0.596,0.001215637025,0.002794534337,0.003483241207
0.597,0.001224259461,0.002819110191,0.003510866349
0.598,0.001232896632,0.002843802227,0.00353860579
0.599,0.001241548403,0.002868610386,0.003566459449
0.6,0.001250214641,0.002893534607,0.003594427245
0.601,0.001258895215,0.002918574827,0.003622509093
0.602,0.001267589995,0.002943730983,0.00365070491
0.603,0.001276298853,0.002969003012,0.003679014613
0.604,0.001285021662,0.002994390849,0.003707438116
0.605,0.001293758296,0.003019894428,0.003735975335
0.606,0.001302508632,0.003045513681,0.003764626183
0.607,0.001311272547,0.003071248542,0.003793390574
0.608,0.00132004992,0.003097098943,0.003822268422
0.609,0.001328840632,0.003123064813,0.003851259638
0.61,0.001337644563,0.003149146082,0.003880364135
0.611,0.001346461596,0.00317534268,0.003909581824
0.612,0.001355291617,0.003201654534,0.003938912616
0.613,0.00136413451,0.003228081573,0.003968356422
0.614,0.001372990163,0.003254623722,0.003997913152
0.615,0.001381858464,0.003281280907,0.004027582714
0.616,0.001390739301,0.003308053053,0.004057365018
0.617,0.001399632567,0.003334940085,0.004087259973
0.618,0.001408538152,0.003361941926,0.004117267487
0.619,0.00141745595,0.003389058499,0.004147387466
0.62,0.001426385855,0.003416289725,0.004177619819
0.621,0.001435327763,0.003443635527,0.004207964453
0.622,0.001444281571,0.003471095825,0.004238421272
0.623,0.001453247176,0.003498670539,0.004268990184
0.624,0.001462224477,0.003526359588,0.004299671094
0.625,0.001471213375,0.003554162892,0.004330463907
0.626,0.001480213771,0.003582080367,0.004361368527
0.627,0.001489225568,0.003610111932,0.004392384859
0.628,0.001498248668,0.003638257502,0.004423512808
0.629,0.001507282976,0.003666516996,0.004454752275
0.63,0.001516328399,0.003694890327,0.004486103166
0.631,0.001525384842,0.003723377412,0.004517565381
0.632,0.001534452213,0.003751978164,0.004549138825
0.633,0.001543530422,0.003780692497,0.004580823399
0.634,0.001552619377,0.003809520324,0.004612619006
0.635,0.00156171899,0.00383846156,0.004644525545
0.636,0.001570829172,0.003867516114,0.00467654292
0.637,0.001579949836,0.0038966839,0.00470867103
0.638,0.001589080895,0.003925964829,0.004740909776
0.639,0.001598222265,0.00395535881,0.004773259058
0.64,0.001607373861,0.003984865755,0.004805718777
0.641,0.001616535599,0.004014485573,0.004838288832
0.642,0.001625707397,0.004044218173,0.004870969122
0.643,0.001634889172,0.004074063464,0.004903759547
0.644,0.001644080845,0.004104021354,0.004936660006
0.645,0.001653282334,0.004134091751,0.004969670396
0.646,0.001662493562,0.004164274562,0.005002790617
0.647,0.00167171445,0.004194569695,0.005036020566
0.648,0.00168094492,0.004224977055,0.005069360141
0.649,0.001690184896,0.004255496549,0.005102809241
0.65,0.001699434302,0.004286128083,0.005136367761
0.651,0.001708693063,0.004316871562,0.0051700356
0.652,0.001717961106,0.00434772689,0.005203812654
0.653,0.001727238356,0.004378693973,0.005237698819
0.654,0.001736524742,0.004409772714,0.005271693993
0.655,0.001745820191,0.004440963016,0.005305798072
0.656,0.001755124633,0.004472264785,0.005340010952
0.657,0.001764437997,0.004503677921,0.005374332528
0.658,0.001773760214,0.004535202329,0.005408762696
0.659,0.001783091216,0.00456683791,0.005443301351
0.66,0.001792430933,0.004598584566,0.00547794839
0.661,0.001801779299,0.0046304422,0.005512703706
0.662,0.001811136248,0.004662410711,0.005547567196
0.663,0.001820501712,0.004694490002,0.005582538753
0.664,0.001829875628,0.004726679973,0.005617618273
0.665,0.00183925793,0.004758980525,0.005652805649
0.666,0.001848648555,0.004791391557,0.005688100776
0.667,0.001858047439,0.004823912969,0.005723503549
0.668,0.001867454521,0.004856544661,0.00575901386
0.669,0.001876869737,0.004889286532,0.005794631604
0.67,0.001886293028,0.004922138481,0.005830356675
0.671,0.001895724331,0.004955100407,0.005866188966
0.672,0.001905163588,0.004988172208,0.005902128371
0.673,0.001914610738,0.005021353782,0.005938174782
0.674,0.001924065724,0.005054645028,0.005974328094
0.675,0.001933528487,0.005088045843,0.006010588198
0.676,0.001942998968,0.005121556124,0.006046954989
0.677,0.001952477113,0.005155175769,0.006083428358
0.678,0.001961962863,0.005188904674,0.006120008199
0.679,0.001971456163,0.005222742737,0.006156694404
0.68,0.001980956959,0.005256689854,0.006193486865
0.681,0.001990465194,0.005290745921,0.006230385475
0.682,0.001999980816,0.005324910835,0.006267390127
0.683,0.00200950377,0.005359184491,0.006304500712
0.684,0.002019034003,0.005393566786,0.006341717123
0.685,0.002028571463,0.005428057614,0.006379039251
0.686,0.002038116098,0.005462656871,0.006416466989
0.687,0.002047667856,0.005497364452,0.006454000228
0.688,0.002057226687,0.005532180253,0.006491638861
0.689,0.002066792539,0.005567104168,0.006529382778
0.69,0.002076365363,0.005602136091,0.006567231873
0.691,0.00208594511,0.005637275918,0.006605186035
0.692,0.00209553173,0.005672523542,0.006643245157
0.693,0.002105125175,0.005707878858,0.006681409131
0.694,0.002114725397,0.00574334176,0.006719677847
0.695,0.002124332348,0.005778912142,0.006758051197
0.696,0.002133945981,0.005814589897,0.006796529073
0.697,0.002143566249,0.005850374919,0.006835111365
0.698,0.002153193108,0.005886267102,0.006873797965
0.699,0.002162826509,0.005922266338,0.006912588763
0.7,0.002172466409,0.005958372522,0.006951483652
0.701,0.002182112763,0.005994585546,0.006990482522
0.702,0.002191765525,0.006030905302,0.007029585265
0.703,0.002201424653,0.006067331685,0.00706879177
0.704,0.002211090102,0.006103864587,0.00710810193
0.705,0.002220761829,0.0061405039,0.007147515635
0.706,0.002230439792,0.006177249517,0.007187032776
0.707,0.002240123948,0.006214101331,0.007226653245
0.708,0.002249814255,0.006251059233,0.007266376931
0.709,0.002259510672,0.006288123116,0.007306203726
0.71,0.002269213157,0.006325292872,0.007346133521
0.711,0.002278921671,0.006362568393,0.007386166207
0.712,0.002288636172,0.006399949572,0.007426301674
0.713,0.00229835662,0.006437436299,0.007466539813
0.714,0.002308082976,0.006475028468,0.007506880516
0.715,0.002317815201,0.006512725969,0.007547323672
0.716,0.002327553256,0.006550528695,0.007587869173
0.717,0.002337297101,0.006588436536,0.00762851691
0.718,0.0023470467,0.006626449385,0.007669266773
0.719,0.002356802014,0.006664567133,0.007710118653
0.72,0.002366563006,0.006702789672,0.007751072442
0.721,0.002376329638,0.006741116893,0.007792128029
0.722,0.002386101875,0.006779548686,0.007833285307
0.723,0.002395879679,0.006818084944,0.007874544164
0.724,0.002405663014,0.006856725558,0.007915904494
0.725,0.002415451845,0.006895470418,0.007957366186
0.726,0.002425246136,0.006934319417,0.007998929131
0.727,0.002435045852,0.006973272445,0.008040593221
0.728,0.002444850958,0.007012329393,0.008082358346
0.729,0.00245466142,0.007051490152,0.008124224397
0.73,0.002464477204,0.007090754613,0.008166191265
0.731,0.002474298275,0.007130122668,0.008208258842
0.732,0.002484124601,0.007169594207,0.008250427018
0.733,0.002493956147,0.007209169121,0.008292695684
0.734,0.002503792881,0.0072488473,0.008335064732
0.735,0.002513634771,0.007288628637,0.008377534053
0.736,0.002523481784,0.007328513022,0.008420103538
0.737,0.002533333887,0.007368500345,0.008462773078
0.738,0.00254319105,0.007408590497,0.008505542564
0.739,0.00255305324,0.00744878337,0.008548411888
0.74,0.002562920426,0.007489078854,0.008591380942
0.741,0.002572792578,0.00752947684,0.008634449615
0.742,0.002582669664,0.007569977219,0.008677617801
0.743,0.002592551654,0.007610579882,0.00872088539
0.744,0.002602438519,0.007651284718,0.008764252274
0.745,0.002612330228,0.00769209162,0.008807718345
0.746,0.002622226751,0.007733000479,0.008851283494
0.747,0.002632128059,0.007774011184,0.008894947612
0.748,0.002642034123,0.007815123626,0.008938710593
0.749,0.002651944915,0.007856337698,0.008982572327
0.75,0.002661860405,0.007897653289,0.009026532706
0.751,0.002671780565,0.00793907029,0.009070591622
0.752,0.002681705367,0.007980588593,0.009114748967
0.753,0.002691634784,0.008022208088,0.009159004633
0.754,0.002701568787,0.008063928666,0.009203358513
0.755,0.002711507349,0.008105750218,0.009247810498
0.756,0.002721450443,0.008147672636,0.00929236048
0.757,0.002731398042,0.008189695809,0.009337008353
0.758,0.002741350119,0.00823181963,0.009381754007
0.759,0.002751306648,0.008274043989,0.009426597336
0.76,0.002761267602,0.008316368777,0.009471538233
0.761,0.002771232956,0.008358793886,0.009516576589
0.762,0.002781202684,0.008401319207,0.009561712297
0.763,0.002791176759,0.008443944631,0.009606945249
0.764,0.002801155158,0.008486670048,0.00965227534
0.765,0.002811137853,0.008529495352,0.009697702461
0.766,0.002821124821,0.008572420432,0.009743226505
0.767,0.002831116037,0.00861544518,0.009788847366
0.768,0.002841111476,0.008658569488,0.009834564936
0.769,0.002851111114,0.008701793246,0.009880379109
0.77,0.002861114926,0.008745116348,0.009926289778
0.771,0.002871122889,0.008788538683,0.009972296835
0.772,0.002881134979,0.008832060144,0.01001840017
0.773,0.002891151172,0.008875680623,0.01006459969
0.774,0.002901171445,0.00891940001,0.01011089528
0.775,0.002911195775,0.008963218199,0.01015728682
0.776,0.002921224139,0.00900713508,0.01020377423
0.777,0.002931256514,0.009051150545,0.01025035738
0.778,0.002941292877,0.009095264487,0.01029703618
0.779,0.002951333205,0.009139476797,0.01034381052
0.78,0.002961377478,0.009183787368,0.01039068029
0.781,0.002971425672,0.009228196092,0.01043764539
0.782,0.002981477766,0.00927270286,0.01048470571
0.783,0.002991533738,0.009317307565,0.01053186114
0.784,0.003001593566,0.0093620101,0.01057911158
0.785,0.003011657229,0.009406810356,0.01062645693
0.786,0.003021724706,0.009451708226,0.01067389707
0.787,0.003031795976,0.009496703603,0.01072143191
0.788,0.003041871018,0.00954179638,0.01076906133
0.789,0.003051949811,0.009586986447,0.01081678524
0.79,0.003062032334,0.0096322737,0.01086460352
0.791,0.003072118568,0.00967765803,0.01091251608
0.792,0.003082208492,0.00972313933,0.01096052281
0.793,0.003092302086,0.009768717493,0.0110086236
0.794,0.00310239933,0.009814392412,0.01105681835
0.795,0.003112500204,0.00986016398,0.01110510695
0.796,0.003122604689,0.009906032091,0.0111534893
0.797,0.003132712765,0.009951996637,0.01120196529
0.798,0.003142824414,0.009998057513,0.01125053483
0.799,0.003152939615,0.01004421461,0.01129919781
0.8,0.00316305835,0.01009046782,0.01134795411
0.801,0.0031731806,0.01013681705,0.01139680365
0.802,0.003183306346,0.01018326217,0.01144574631
0.803,0.00319343557,0.01022980309,0.01149478199
0.804,0.003203568253,0.01027643971,0.01154391058
0.805,0.003213704377,0.01032317191,0.011593132
0.806,0.003223843924,0.01036999958,0.01164244612
0.807,0.003233986877,0.01041692263,0.01169185285
0.808,0.003244133216,0.01046394095,0.01174135208
0.809,0.003254282924,0.01051105442,0.01179094372
0.81,0.003264435984,0.01055826295,0.01184062765
0.811,0.003274592379,0.01060556643,0.01189040377
0.812,0.00328475209,0.01065296476,0.01194027199
0.813,0.003294915101,0.01070045782,0.0119902322
0.814,0.003305081395,0.01074804552,0.01204028429
0.815,0.003315250954,0.01079572775,0.01209042817
0.816,0.003325423762,0.0108435044,0.01214066373
0.817,0.003335599803,0.01089137537,0.01219099087
0.818,0.003345779059,0.01093934055,0.01224140949
0.819,0.003355961514,0.01098739984,0.01229191948
0.82,0.003366147152,0.01103555313,0.01234252075
0.821,0.003376335957,0.01108380032,0.01239321319
0.822,0.003386527912,0.01113214131,0.0124439967
0.823,0.003396723002,0.01118057599,0.01249487117
0.824,0.003406921211,0.01122910425,0.01254583652
0.825,0.003417122523,0.011277726,0.01259689263
0.826,0.003427326922,0.01132644112,0.0126480394
0.827,0.003437534393,0.01137524952,0.01269927674
0.828,0.003447744921,0.01142415108,0.01275060453
0.829,0.00345795849,0.01147314572,0.01280202269
0.83,0.003468175085,0.01152223331,0.01285353111
0.831,0.003478394691,0.01157141376,0.01290512969
0.832,0.003488617293,0.01162068697,0.01295681833
0.833,0.003498842877,0.01167005283,0.01300859693
0.834,0.003509071427,0.01171951124,0.01306046539
0.835,0.003519302928,0.01176906209,0.0131124236
0.836,0.003529537368,0.01181870528,0.01316447148
0.837,0.00353977473,0.01186844072,0.01321660891
0.838,0.003550015,0.01191826828,0.0132688358
0.839,0.003560258165,0.01196818789,0.01332115205
0.84,0.003570504211,0.01201819942,0.01337355755
0.841,0.003580753123,0.01206830278,0.01342605222
0.842,0.003591004887,0.01211849787,0.01347863595
0.843,0.003601259489,0.01216878458,0.01353130864
0.844,0.003611516917,0.01221916281,0.01358407018
0.845,0.003621777155,0.01226963246,0.0136369205
0.846,0.003632040192,0.01232019343,0.01368985947
0.847,0.003642306012,0.01237084561,0.01374288701
0.848,0.003652574604,0.01242158891,0.01379600302
0.849,0.003662845953,0.01247242321,0.0138492074
0.85,0.003673120047,0.01252334843,0.01390250004
0.851,0.003683396872,0.01257436446,0.01395588086
0.852,0.003693676415,0.01262547119,0.01400934974
0.853,0.003703958665,0.01267666853,0.01406290661
0.854,0.003714243607,0.01272795638,0.01411655135
0.855,0.003724531229,0.01277933462,0.01417028387
0.856,0.003734821518,0.01283080317,0.01422410407
0.857,0.003745114463,0.01288236193,0.01427801185
0.858,0.00375541005,0.01293401078,0.01433200712
0.859,0.003765708267,0.01298574964,0.01438608978
0.86,0.003776009102,0.0130375784,0.01444025973
0.861,0.003786312543,0.01308949696,0.01449451688
0.862,0.003796618577,0.01314150521,0.01454886112
0.863,0.003806927193,0.01319360307,0.01460329237
0.864,0.003817238379,0.01324579043,0.01465781052
0.865,0.003827552122,0.01329806719,0.01471241547
0.866,0.003837868411,0.01335043325,0.01476710714
0.867,0.003848187234,0.01340288851,0.01482188542
0.868,0.00385850858,0.01345543287,0.01487675022
0.869,0.003868832437,0.01350806623,0.01493170145
0.87,0.003879158794,0.0135607885,0.014986739
0.871,0.003889487639,0.01361359957,0.01504186278
0.872,0.00389981896,0.01366649935,0.0150970727
0.873,0.003910152748,0.01371948773,0.01515236865
0.874,0.003920488989,0.01377256462,0.01520775055
0.875,0.003930827675,0.01382572992,0.0152632183
0.876,0.003941168792,0.01387898352,0.0153187718
0.877,0.003951512331,0.01393232534,0.01537441096
0.878,0.00396185828,0.01398575527,0.01543013568
0.879,0.003972206629,0.01403927322,0.01548594588
0.88,0.003982557367,0.01409287908,0.01554184144
0.881,0.003992910484,0.01414657276,0.01559782229
0.882,0.004003265968,0.01420035417,0.01565388832
0.883,0.004013623809,0.0142542232,0.01571003944
0.884,0.004023983997,0.01430817975,0.01576627555
0.885,0.004034346521,0.01436222373,0.01582259657
0.886,0.004044711371,0.01441635504,0.01587900239
0.887,0.004055078537,0.01447057359,0.01593549293
0.888,0.004065448009,0.01452487927,0.0159920681
0.889,0.004075819776,0.014579272,0.01604872778
0.89,0.004086193828,0.01463375166,0.0161054719
0.891,0.004096570156,0.01468831818,0.01616230037
0.892,0.004106948749,0.01474297144,0.01621921307
0.893,0.004117329598,0.01479771135,0.01627620994
0.894,0.004127712692,0.01485253783,0.01633329086
0.895,0.004138098023,0.01490745076,0.01639045575
0.896,0.00414848558,0.01496245006,0.01644770452
0.897,0.004158875353,0.01501753562,0.01650503706
0.898,0.004169267334,0.01507270736,0.0165624533
0.899,0.004179661512,0.01512796517,0.01661995314
0.9,0.004190057879,0.01518330897,0.01667753648
0.901,0.004200456425,0.01523873865,0.01673520324
0.902,0.00421085714,0.01529425412,0.01679295332
0.903,0.004221260015,0.01534985529,0.01685078663
0.904,0.004231665042,0.01540554206,0.01690870308
0.905,0.00424207221,0.01546131433,0.01696670257
0.906,0.004252481511,0.01551717201,0.01702478502
0.907,0.004262892936,0.01557311501,0.01708295033
0.908,0.004273306476,0.01562914323,0.01714119842
0.909,0.004283722122,0.01568525657,0.01719952918
0.91,0.004294139864,0.01574145495,0.01725794254
0.911,0.004304559695,0.01579773826,0.0173164384
0.912,0.004314981606,0.01585410642,0.01737501667
0.913,0.004325405587,0.01591055932,0.01743367725
0.914,0.004335831631,0.01596709688,0.01749242007
0.915,0.004346259728,0.016023719,0.01755124502
0.916,0.00435668987,0.01608042559,0.01761015202
0.917,0.004367122048,0.01613721656,0.01766914097
0.918,0.004377556254,0.0161940918,0.0177282118
0.919,0.004387992481,0.01625105123,0.0177873644
0.92,0.004398430718,0.01630809476,0.01784659869
0.921,0.004408870959,0.01636522229,0.01790591459
0.922,0.004419313194,0.01642243372,0.01796531199
0.923,0.004429757416,0.01647972898,0.01802479081
0.924,0.004440203617,0.01653710795,0.01808435096
0.925,0.004450651787,0.01659457055,0.01814399235
0.926,0.004461101921,0.0166521167,0.01820371489
0.927,0.004471554008,0.01670974629,0.0182635185
0.928,0.004482008042,0.01676745923,0.01832340309
0.929,0.004492464015,0.01682525543,0.01838336856
0.93,0.004502921918,0.0168831348,0.01844341483
0.931,0.004513381744,0.01694109725,0.01850354181
0.932,0.004523843486,0.01699914269,0.01856374942
0.933,0.004534307134,0.01705727102,0.01862403756
0.934,0.004544772683,0.01711548215,0.01868440614
0.935,0.004555240124,0.01717377599,0.01874485508
0.936,0.004565709449,0.01723215246,0.01880538429
0.937,0.004576180651,0.01729061145,0.01886599369
0.938,0.004586653723,0.01734915288,0.01892668318
0.939,0.004597128657,0.01740777666,0.01898745268
0.94,0.004607605445,0.01746648269,0.0190483021
0.941,0.004618084081,0.01752527089,0.01910923136
0.942,0.004628564557,0.01758414117,0.01917024036
0.943,0.004639046866,0.01764309343,0.01923132903
0.944,0.004649531001,0.01770212758,0.01929249727
0.945,0.004660016953,0.01776124354,0.01935374499
0.946,0.004670504717,0.01782044122,0.01941507212
0.947,0.004680994285,0.01787972052,0.01947647856
0.948,0.004691485651,0.01793908135,0.01953796423
0.949,0.004701978806,0.01799852363,0.01959952904
0.95,0.004712473744,0.01805804727,0.01966117291
0.951,0.004722970459,0.01811765217,0.01972289575
0.952,0.004733468942,0.01817733825,0.01978469748
0.953,0.004743969188,0.01823710542,0.019846578
0.954,0.00475447119,0.01829695358,0.01990853724
0.955,0.00476497494,0.01835688266,0.01997057511
0.956,0.004775480433,0.01841689255,0.02003269152
0.957,0.004785987661,0.01847698318,0.0200948864
0.958,0.004796496617,0.01853715445,0.02015715964
0.959,0.004807007295,0.01859740628,0.02021951118
0.96,0.004817519689,0.01865773858,0.02028194092
0.961,0.004828033792,0.01871815125,0.02034444877
0.962,0.004838549597,0.01877864421,0.02040703467
0.963,0.004849067098,0.01883921738,0.02046969851
0.964,0.004859586289,0.01889987066,0.02053244023
0.965,0.004870107163,0.01896060397,0.02059525972
0.966,0.004880629713,0.01902141722,0.02065815692
0.967,0.004891153933,0.01908231032,0.02072113173
0.968,0.004901679818,0.01914328318,0.02078418407
0.969,0.00491220736,0.01920433572,0.02084731386
0.97,0.004922736554,0.01926546785,0.02091052101
0.971,0.004933267394,0.01932667949,0.02097380545
0.972,0.004943799872,0.01938797054,0.02103716708
0.973,0.004954333984,0.01944934092,0.02110060583
0.974,0.004964869722,0.01951079054,0.02116412161
0.975,0.004975407081,0.01957231931,0.02122771434
0.976,0.004985946056,0.01963392716,0.02129138394
0.977,0.004996486639,0.01969561399,0.02135513032
0.978,0.005007028825,0.01975737971,0.0214189534
0.979,0.005017572608,0.01981922425,0.02148285311
0.98,0.005028117982,0.01988114751,0.02154682934
0.981,0.005038664941,0.01994314941,0.02161088204
0.982,0.00504921348,0.02000522986,0.0216750111
0.983,0.005059763593,0.02006738878,0.02173921646
0.984,0.005070315273,0.02012962608,0.02180349803
0.985,0.005080868515,0.02019194167,0.02186785572
0.986,0.005091423314,0.02025433547,0.02193228946
0.987,0.005101979663,0.0203168074,0.02199679917
0.988,0.005112537558,0.02037935738,0.02206138476
0.989,0.005123096992,0.0204419853,0.02212604615
0.99,0.005133657959,0.02050469109,0.02219078327
0.991,0.005144220456,0.02056747467,0.02225559602
0.992,0.005154784474,0.02063033596,0.02232048433
0.993,0.005165350011,0.02069327485,0.02238544813
0.994,0.005175917059,0.02075629128,0.02245048732
0.995,0.005186485613,0.02081938515,0.02251560183
0.996,0.005197055669,0.02088255639,0.02258079158
0.997,0.00520762722,0.0209458049,0.02264605648
0.998,0.005218200261,0.02100913061,0.02271139647
0.999,0.005228774787,0.02107253343,0.02277681145
1,0.005239350793,0.02113601328,0.02284230135
1.001,0.005249928273,0.02119957006,0.02290786609
1.002,0.005260507223,0.02126320371,0.02297350558
1.003,0.005271087636,0.02132691413,0.02303921976
1.004,0.005281669508,0.02139070125,0.02310500854
1.005,0.005292252834,0.02145456497,0.02317087183
1.006,0.005302837608,0.02151850522,0.02323680957
1.007,0.005313423826,0.02158252191,0.02330282167
1.008,0.005324011481,0.02164661495,0.02336890806
1.009,0.00533460057,0.02171078428,0.02343506865
1.01,0.005345191088,0.02177502979,0.02350130337
1.011,0.005355783028,0.02183935142,0.02356761213
1.012,0.005366376387,0.02190374908,0.02363399487
1.013,0.005376971159,0.02196822268,0.02370045149
1.014,0.005387567339,0.02203277214,0.02376698193
1.015,0.005398164923,0.02209739738,0.02383358611
1.016,0.005408763906,0.02216209832,0.02390026394
1.017,0.005419364282,0.02222687488,0.02396701535
1.018,0.005429966047,0.02229172696,0.02403384026
1.019,0.005440569197,0.02235665451,0.0241007386
1.02,0.005451173725,0.02242165742,0.02416771028
1.021,0.005461779629,0.02248673561,0.02423475523
1.022,0.005472386902,0.02255188902,0.02430187338
1.023,0.005482995541,0.02261711754,0.02436906464
1.024,0.00549360554,0.02268242111,0.02443632893
1.025,0.005504216895,0.02274779965,0.02450366619
1.026,0.005514829601,0.02281325306,0.02457107633
1.027,0.005525443654,0.02287878127,0.02463855929
1.028,0.00553605905,0.02294438419,0.02470611497
1.029,0.005546675782,0.02301006176,0.0247737433
1.03,0.005557293848,0.02307581388,0.02484144422
1.031,0.005567913242,0.02314164047,0.02490921764
1.032,0.00557853396,0.02320754146,0.02497706348
1.033,0.005589155998,0.02327351675,0.02504498167
1.034,0.005599779351,0.02333956628,0.02511297214
1.035,0.005610404014,0.02340568997,0.02518103481
1.036,0.005621029984,0.02347188772,0.02524916959
1.037,0.005631657256,0.02353815946,0.02531737643
1.038,0.005642285825,0.02360450511,0.02538565524
1.039,0.005652915688,0.02367092459,0.02545400595
1.04,0.005663546839,0.02373741782,0.02552242847
1.041,0.005674179275,0.02380398472,0.02559092275
1.042,0.005684812992,0.02387062521,0.02565948869
1.043,0.005695447984,0.02393733921,0.02572812623
1.044,0.005706084249,0.02400412664,0.0257968353
1.045,0.005716721781,0.02407098741,0.02586561581
1.046,0.005727360576,0.02413792145,0.02593446769
1.047,0.005738000631,0.02420492869,0.02600339088
1.048,0.005748641941,0.02427200903,0.02607238528
1.049,0.005759284502,0.02433916241,0.02614145084
1.05,0.00576992831,0.02440638873,0.02621058748
1.051,0.005780573361,0.02447368792,0.02627979511
1.052,0.005791219651,0.02454105991,0.02634907368
1.053,0.005801867175,0.02460850461,0.0264184231
1.054,0.005812515931,0.02467602194,0.0264878433
1.055,0.005823165912,0.02474361183,0.0265573342
1.056,0.005833817117,0.02481127419,0.02662689575
1.057,0.005844469541,0.02487900895,0.02669652785
1.058,0.005855123179,0.02494681602,0.02676623044
1.059,0.005865778028,0.02501469533,0.02683600344
1.06,0.005876434084,0.0250826468,0.02690584679
1.061,0.005887091343,0.02515067035,0.02697576041
1.062,0.005897749802,0.0252187659,0.02704574422
1.063,0.005908409455,0.02528693337,0.02711579815
1.064,0.005919070301,0.02535517268,0.02718592214
1.065,0.005929732334,0.02542348376,0.02725611611
1.066,0.005940395551,0.02549186653,0.02732637998
1.067,0.005951059948,0.0255603209,0.02739671369
1.068,0.005961725521,0.0256288468,0.02746711715
1.069,0.005972392267,0.02569744415,0.02753759031
1.07,0.005983060182,0.02576611287,0.02760813309
1.071,0.005993729263,0.02583485288,0.02767874541
1.072,0.006004399504,0.02590366411,0.02774942721
1.073,0.006015070904,0.02597254648,0.02782017842
1.074,0.006025743458,0.0260414999,0.02789099895
1.075,0.006036417162,0.0261105243,0.02796188875
1.076,0.006047092013,0.0261796196,0.02803284773
1.077,0.006057768007,0.02624878573,0.02810387583
1.078,0.006068445141,0.0263180226,0.02817497299
1.079,0.006079123412,0.02638733014,0.02824613911
1.08,0.006089802815,0.02645670826,0.02831737415
1.081,0.006100483346,0.0265261569,0.02838867801
1.082,0.006111165004,0.02659567596,0.02846005065
1.083,0.006121847783,0.02666526538,0.02853149197
1.084,0.006132531681,0.02673492508,0.02860300193
1.085,0.006143216694,0.02680465497,0.02867458043
1.086,0.006153902819,0.02687445498,0.02874622742
1.087,0.006164590051,0.02694432503,0.02881794282
1.088,0.006175278389,0.02701426505,0.02888972657
1.089,0.006185967828,0.02708427494,0.02896157858
1.09,0.006196658364,0.02715435465,0.02903349881
1.091,0.006207349996,0.02722450408,0.02910548716
1.092,0.006218042718,0.02729472317,0.02917754359
1.093,0.006228736528,0.02736501182,0.029249668
1.094,0.006239431423,0.02743536997,0.02932186035
1.095,0.006250127399,0.02750579754,0.02939412055
1.096,0.006260824453,0.02757629444,0.02946644854
1.097,0.006271522581,0.0276468606,0.02953884424
1.098,0.006282221781,0.02771749594,0.0296113076
1.099,0.006292922049,0.02778820039,0.02968383854
1.1,0.006303623381,0.02785897386,0.02975643699
1.101,0.006314325775,0.02792981627,0.02982910288
1.102,0.006325029228,0.02800072755,0.02990183615
1.103,0.006335733736,0.02807170763,0.02997463673
1.104,0.006346439295,0.02814275641,0.03004750455
1.105,0.006357145904,0.02821387383,0.03012043954
1.106,0.006367853558,0.0282850598,0.03019344163
1.107,0.006378562255,0.02835631424,0.03026651075
1.108,0.006389271991,0.02842763708,0.03033964684
1.109,0.006399982763,0.02849902824,0.03041284983
1.11,0.006410694569,0.02857048764,0.03048611965
1.111,0.006421407404,0.0286420152,0.03055945624
1.112,0.006432121267,0.02871361085,0.03063285952
1.113,0.006442836154,0.02878527449,0.03070632943
1.114,0.006453552062,0.02885700606,0.03077986591
1.115,0.006464268987,0.02892880548,0.03085346888
1.116,0.006474986927,0.02900067266,0.03092713827
1.117,0.00648570588,0.02907260753,0.03100087403
1.118,0.006496425841,0.02914461,0.03107467608
1.119,0.006507146808,0.02921668001,0.03114854436
1.12,0.006517868778,0.02928881746,0.0312224788
1.121,0.006528591748,0.02936102228,0.03129647933
1.122,0.006539315715,0.02943329439,0.03137054589
1.123,0.006550040676,0.02950563372,0.03144467841
1.124,0.006560766628,0.02957804017,0.03151887683
1.125,0.006571493569,0.02965051367,0.03159314107
1.126,0.006582221495,0.02972305414,0.03166747108
1.127,0.006592950403,0.02979566151,0.03174186678
1.128,0.006603680291,0.02986833568,0.03181632812
1.129,0.006614411157,0.02994107658,0.03189085502
1.13,0.006625142996,0.03001388413,0.03196544742
1.131,0.006635875806,0.03008675825,0.03204010526
1.132,0.006646609584,0.03015969886,0.03211482846
1.133,0.006657344329,0.03023270587,0.03218961697
1.134,0.006668080035,0.03030577921,0.03226447071
1.135,0.006678816702,0.03037891879,0.03233938963
1.136,0.006689554326,0.03045212453,0.03241437366
1.137,0.006700292905,0.03052539636,0.03248942273
1.138,0.006711032435,0.03059873419,0.03256453677
1.139,0.006721772915,0.03067213793,0.03263971573
1.14,0.00673251434,0.03074560751,0.03271495954
1.141,0.006743256709,0.03081914284,0.03279026814
1.142,0.006754000019,0.03089274384,0.03286564145
1.143,0.006764744268,0.03096641043,0.03294107942
1.144,0.006775489451,0.03104014252,0.03301658197
1.145,0.006786235568,0.03111394004,0.03309214906
1.146,0.006796982615,0.0311878029,0.03316778061
1.147,0.006807730589,0.03126173101,0.03324347655
1.148,0.006818479488,0.03133572429,0.03331923683
1.149,0.00682922931,0.03140978266,0.03339506139
1.15,0.006839980051,0.03148390604,0.03347095015
1.151,0.00685073171,0.03155809433,0.03354690305
1.152,0.006861484283,0.03163234746,0.03362292003
1.153,0.006872237768,0.03170666534,0.03369900103
1.154,0.006882992163,0.03178104788,0.03377514598
1.155,0.006893747464,0.03185549501,0.03385135483
1.156,0.00690450367,0.03193000662,0.0339276275
1.157,0.006915260777,0.03200458265,0.03400396393
1.158,0.006926018784,0.03207922299,0.03408036407
1.159,0.006936777688,0.03215392757,0.03415682784
1.16,0.006947537485,0.0322286963,0.03423335519
1.161,0.006958298175,0.03230352909,0.03430994605
1.162,0.006969059754,0.03237842586,0.03438660036
1.163,0.00697982222,0.03245338651,0.03446331806
1.164,0.00699058557,0.03252841096,0.03454009908
1.165,0.007001349802,0.03260349912,0.03461694337
1.166,0.007012114914,0.0326786509,0.03469385086
1.167,0.007022880903,0.03275386621,0.03477082148
1.168,0.007033647766,0.03282914497,0.03484785519
1.169,0.007044415502,0.03290448707,0.03492495191
1.17,0.007055184107,0.03297989245,0.03500211158
1.171,0.00706595358,0.03305536099,0.03507933414
1.172,0.007076723918,0.03313089262,0.03515661953
1.173,0.007087495119,0.03320648723,0.03523396769
1.174,0.007098267181,0.03328214475,0.03531137855
1.175,0.0071090401,0.03335786507,0.03538885206
1.176,0.007119813875,0.03343364811,0.03546638816
1.177,0.007130588504,0.03350949377,0.03554398677
1.178,0.007141363983,0.03358540195,0.03562164785
1.179,0.007152140311,0.03366137257,0.03569937133
1.18,0.007162917486,0.03373740554,0.03577715715
1.181,0.007173695505,0.03381350075,0.03585500525
1.182,0.007184474365,0.03388965811,0.03593291556
1.183,0.007195254066,0.03396587752,0.03601088803
1.184,0.007206034603,0.0340421589,0.0360889226
1.185,0.007216815976,0.03411850214,0.03616701921
1.186,0.007227598182,0.03419490714,0.03624517779
1.187,0.007238381218,0.03427137381,0.03632339828
1.188,0.007249165083,0.03434790206,0.03640168064
1.189,0.007259949773,0.03442449178,0.03648002478
1.19,0.007270735288,0.03450114287,0.03655843067
1.191,0.007281521625,0.03457785523,0.03663689822
1.192,0.007292308781,0.03465462877,0.0367154274
1.193,0.007303096754,0.03473146338,0.03679401813
1.194,0.007313885543,0.03480835897,0.03687267035
1.195,0.007324675145,0.03488531542,0.03695138401
1.196,0.007335465557,0.03496233264,0.03703015905
1.197,0.007346256779,0.03503941053,0.03710899541
1.198,0.007357048806,0.03511654898,0.03718789302
1.199,0.007367841639,0.03519374789,0.03726685183
1.2,0.007378635274,0.03527100715,0.03734587179
