f_Hz,SID_A2perHz_VDS=0.013_VGB=0.25,SID_A2perHz_VDS=0.013_VGB=0.453,SID_A2perHz_VDS=0.013_VGB=1.2,SID_A2perHz_VDS=1.2_VGB=0.25,SID_A2perHz_VDS=1.2_VGB=0.453,SID_A2perHz_VDS=1.2_VGB=1.2
1,5.1317325e-21,5.011321974e-17,2.101618535e-16,7.379613471e-19,3.405189814e-15,2.549580526e-13
1.258925412,4.076421983e-21,3.980637145e-17,1.669380787e-16,5.861839652e-19,2.704838465e-15,2.025203812e-13
1.584893192,3.238159043e-21,3.161935085e-17,1.326042141e-16,4.656229055e-19,2.148529615e-15,1.608676583e-13
1.995262315,2.572303122e-21,2.511616923e-17,1.05331856e-16,3.698578517e-19,1.706637787e-15,1.277817244e-13
2.511886432,2.043394963e-21,1.995050845e-17,8.366865188e-17,2.937889655e-19,1.355630632e-15,1.015006329e-13
3.16227766,1.623268279e-21,1.584727824e-17,6.646095722e-17,2.333653015e-19,1.076815738e-15,8.062481995e-14
3.981071706,1.289549792e-21,1.258796663e-17,5.27923995e-17,1.853690791e-19,8.553451956e-16,6.404257228e-14
5.011872336,1.024467775e-21,9.999003395e-18,4.193507818e-17,1.472443245e-19,6.794248906e-16,5.087082476e-14
6.309573445,8.139056447e-22,7.942516798e-18,3.33108013e-17,1.169607555e-19,5.396864252e-16,4.04081338e-14
7.943282347,6.466501992e-22,6.30899143e-18,2.646029467e-17,9.290566158e-20,4.286882166e-16,3.209732296e-14
10,5.137944765e-22,5.011436108e-18,2.101874383e-17,7.379802128e-20,3.405192056e-16,2.549581126e-14
12.58925412,4.082634248e-22,3.98075128e-18,1.669636636e-17,5.86202831e-20,2.704840707e-16,2.025204412e-14
15.84893192,3.244371308e-22,3.162049219e-18,1.326297989e-17,4.656417712e-20,2.148531856e-16,1.608677183e-14
19.95262315,2.578515387e-22,2.511731057e-18,1.053574408e-17,3.698767174e-20,1.706640029e-16,1.277817844e-14
25.11886432,2.049607229e-22,1.995164979e-18,8.369423674e-18,2.938078313e-20,1.355632874e-16,1.01500693e-14
31.6227766,1.629480545e-22,1.584841958e-18,6.648654209e-18,2.333841673e-20,1.07681798e-16,8.062487999e-15
39.81071706,1.295762057e-22,1.258910797e-18,5.281798437e-18,1.853879449e-20,8.553474373e-17,6.404263231e-15
50.11872336,1.030680041e-22,1.000014474e-18,4.196066305e-18,1.472631903e-20,6.794271322e-17,5.087088479e-15
63.09573445,8.2011791e-23,7.943658142e-19,3.333638617e-18,1.169796213e-20,5.396886669e-17,4.040819384e-15
79.43282347,6.528624646e-23,6.310132774e-19,2.648587954e-18,9.292452735e-21,4.286904583e-17,3.2097383e-15
100,5.200067419e-23,5.012577451e-19,2.10443287e-18,7.381688706e-21,3.405214473e-17,2.54958713e-15
125.8925412,4.144756902e-23,3.981892623e-19,1.672195123e-18,5.863914888e-21,2.704863124e-17,2.025210416e-15
158.4893192,3.306493962e-23,3.163190563e-19,1.328856476e-18,4.65830429e-21,2.148554273e-17,1.608683187e-15
199.5262315,2.640638041e-23,2.5128724e-19,1.056132895e-18,3.700653752e-21,1.706662446e-17,1.277823848e-15
251.1886432,2.111729882e-23,1.996306322e-19,8.395008543e-19,2.939964891e-21,1.355655291e-17,1.015012933e-15
316.227766,1.691603198e-23,1.585983302e-19,6.674239078e-19,2.335728251e-21,1.076840397e-17,8.062548035e-16
398.1071706,1.357884711e-23,1.260052141e-19,5.307383306e-19,1.855766027e-21,8.553698541e-18,6.404323268e-16
501.1872336,1.092802694e-23,1.001155817e-19,4.221651173e-19,1.474518481e-21,6.79449549e-18,5.087148516e-16
630.9573445,8.822405639e-24,7.955071576e-20,3.359223485e-19,1.17168279e-21,5.397110836e-18,4.04087942e-16
794.3282347,7.149851184e-24,6.321546208e-20,2.674172822e-19,9.311318513e-22,4.287128751e-18,3.209798336e-16
1000,5.821293957e-24,5.023990886e-20,2.130017739e-19,7.400554483e-22,3.405438641e-18,2.549647166e-16
1258.925412,4.76598344e-24,3.993306057e-20,1.697779991e-19,5.882780665e-22,2.705087292e-18,2.025270452e-16
1584.893192,3.927720501e-24,3.174603997e-20,1.354441345e-19,4.677170067e-22,2.148778441e-18,1.608743223e-16
1995.262315,3.261864579e-24,2.524285835e-20,1.081717764e-19,3.719519529e-22,1.706886614e-18,1.277883884e-16
2511.886432,2.732956421e-24,2.007719757e-20,8.650857228e-20,2.958830668e-22,1.355879458e-18,1.01507297e-16
3162.27766,2.312829737e-24,1.597396736e-20,6.930087762e-20,2.354594028e-22,1.077064565e-18,8.063148398e-17
3981.071706,1.979111249e-24,1.271465575e-20,5.56323199e-20,1.874631804e-22,8.55594022e-19,6.404923631e-17
5011.872336,1.714029233e-24,1.012569252e-20,4.477499858e-20,1.493384258e-22,6.79673717e-19,5.087748879e-17
6309.573445,1.503467102e-24,8.069205919e-21,3.61507217e-20,1.190548568e-22,5.399352516e-19,4.041479783e-17
7943.282347,1.336211657e-24,6.435680551e-21,2.930021507e-20,9.499976286e-23,4.28937043e-19,3.2103987e-17
10000,1.203355934e-24,5.138125229e-21,2.385866423e-20,7.589212256e-23,3.40768032e-19,2.550247529e-17
12589.25412,1.097824882e-24,4.1074404e-21,1.953628676e-20,6.071438438e-23,2.707328971e-19,2.025870816e-17
15848.93192,1.013998588e-24,3.28873834e-21,1.610290029e-20,4.86582784e-23,2.15102012e-19,1.609343586e-17
19952.62315,9.474129962e-25,2.638420177e-21,1.337566448e-20,3.908177302e-23,1.709128293e-19,1.278484248e-17
25118.86432,8.945221804e-25,2.121854099e-21,1.120934407e-20,3.147488441e-23,1.358121138e-19,1.015673333e-17
31622.7766,8.52509512e-25,1.711531079e-21,9.488574609e-21,2.543251801e-23,1.079306244e-19,8.069152033e-18
39810.71706,8.191376634e-25,1.385599918e-21,8.121718837e-21,2.063289577e-23,8.578357014e-20,6.410927266e-18
50118.72336,7.926294618e-25,1.126703594e-21,7.035986705e-21,1.682042031e-23,6.819153963e-20,5.093752514e-18
63095.73445,7.715732489e-25,9.210549347e-22,6.173559017e-21,1.379206341e-23,5.421769309e-20,4.047483418e-18
79432.82347,7.548477046e-25,7.577023979e-22,5.488508354e-21,1.138655402e-23,4.311787224e-20,3.216402334e-18
100000,7.415621327e-25,6.279468656e-22,4.94435327e-21,9.475789987e-24,3.430097114e-20,2.556251164e-18
125892.5412,7.310090281e-25,5.248783828e-22,4.512115523e-21,7.958016169e-24,2.729745765e-20,2.03187445e-18
158489.3192,7.226263997e-25,4.430081768e-22,4.168776876e-21,6.752405572e-24,2.173436914e-20,1.615347221e-18
199526.2315,7.15967842e-25,3.779763605e-22,3.896053295e-21,5.794755036e-24,1.731545086e-20,1.284487882e-18
251188.6432,7.106787628e-25,3.263197528e-22,3.679421254e-21,5.034066177e-24,1.380537931e-20,1.021676968e-18
316227.766,7.064774998e-25,2.852874507e-22,3.507344308e-21,4.42982954e-24,1.101723037e-20,8.129188381e-19
398107.1706,7.031403211e-25,2.526943346e-22,3.37065873e-21,3.949867323e-24,8.802524948e-21,6.470963613e-19
501187.2336,7.004895105e-25,2.268047023e-22,3.262085517e-21,3.568619786e-24,7.043321898e-21,5.153788861e-19
630957.3445,6.983839045e-25,2.062398363e-22,3.175842748e-21,3.265784112e-24,5.645937244e-21,4.107519766e-19
794328.2347,6.967113743e-25,1.899045827e-22,3.107337682e-21,3.025233197e-24,4.535955159e-21,3.276438682e-19
1000000,6.953828555e-25,1.769290295e-22,3.052922174e-21,2.834156833e-24,3.654265048e-21,2.616287511e-19
1258925.412,6.943276059e-25,1.666221813e-22,3.009698399e-21,2.682379512e-24,2.953913699e-21,2.091910798e-19
1584893.192,6.934894395e-25,1.584351609e-22,2.975364535e-21,2.561818549e-24,2.397604848e-21,1.675383568e-19
1995262.315,6.928237366e-25,1.519319795e-22,2.948092177e-21,2.466053649e-24,1.955713021e-21,1.344524229e-19
2511886.432,6.922950709e-25,1.467663191e-22,2.926428973e-21,2.389985007e-24,1.604705866e-21,1.081713315e-19
3162277.66,6.918753284e-25,1.426630895e-22,2.90922128e-21,2.32956173e-24,1.325890972e-21,8.729551845e-20
3981071.706,6.91542219e-25,1.394037788e-22,2.895552723e-21,2.28156612e-24,1.104420429e-21,7.071327072e-20
5011872.336,6.912781022e-25,1.368148171e-22,2.884695404e-21,2.243442336e-24,9.28500124e-22,5.754152311e-20
6309573.445,6.910690699e-25,1.347583329e-22,2.876071131e-21,2.213160306e-24,7.887616584e-22,4.7078832e-20
7943282.347,6.90904239e-25,1.331248113e-22,2.86922063e-21,2.189107651e-24,6.777634495e-22,3.876802093e-20
10000000,6.90775226e-25,1.31827262e-22,2.863779087e-21,2.170003877e-24,5.895944379e-22,3.216650886e-20
12589254.12,6.906757852e-25,1.307965867e-22,2.859456724e-21,2.154832265e-24,5.195593021e-22,2.692274114e-20
15848931.92,6.906016112e-25,1.299778998e-22,2.856023359e-21,2.142785869e-24,4.639284157e-22,2.275746792e-20
19952623.15,6.905503236e-25,1.293276056e-22,2.853296157e-21,2.133224753e-24,4.197392307e-22,1.944887306e-20
25118864.32,6.905216785e-25,1.288110775e-22,2.851129891e-21,2.125642255e-24,3.846385117e-22,1.682076159e-20
31622776.6,6.905180926e-25,1.284008146e-22,2.849409208e-21,2.119638545e-24,3.567570168e-22,1.47331766e-20
39810717.06,6.90545623e-25,1.280749788e-22,2.848042489e-21,2.114900188e-24,3.346099538e-22,1.307494599e-20
50118723.36,6.906156381e-25,1.278162337e-22,2.846956973e-21,2.111184812e-24,3.170179094e-22,1.175776197e-20
63095734.45,6.907475606e-25,1.276108246e-22,2.846094889e-21,2.108310347e-24,3.030440409e-22,1.071147818e-20
79432823.47,6.909732887e-25,1.274478517e-22,2.845410382e-21,2.106148739e-24,2.919441851e-22,9.880373816e-21
100000000,6.913442631e-25,1.273186979e-22,2.844867089e-21,2.104624529e-24,2.831272288e-22,9.220185748e-21
125892541.2,6.91942713e-25,1.27216583e-22,2.844436218e-21,2.103719394e-24,2.761236277e-22,8.695750558e-21
158489319.2,6.92899515e-25,1.271362242e-22,2.844095045e-21,2.103484729e-24,2.705604003e-22,8.279130653e-21
199526231.5,6.944225208e-25,1.270735876e-22,2.843825754e-21,2.104065874e-24,2.66141262e-22,7.94812444e-21
251188643.2,6.9684146e-25,1.270257269e-22,2.843614561e-21,2.105743883e-24,2.626308418e-22,7.685080767e-21
316227766,7.006790845e-25,1.2699071e-22,2.843451102e-21,2.109004401e-24,2.598421403e-22,7.475953791e-21
398107170.6,7.067638342e-25,1.26967649e-22,2.843328073e-21,2.114648854e-24,2.576265592e-22,7.309546859e-21
501187233.6,7.164081503e-25,1.269568622e-22,2.843241136e-21,2.123972123e-24,2.558659688e-22,7.176903405e-21
630957344.5,7.316904337e-25,1.269602228e-22,2.843189162e-21,2.139044818e-24,2.544663863e-22,7.070809723e-21
794328234.7,7.559002762e-25,1.269817791e-22,2.843174916e-21,2.16316006e-24,2.533529233e-22,6.985378954e-21
1000000000,7.942399725e-25,1.270287881e-22,2.843206361e-21,2.201538242e-24,2.524657226e-22,6.915687727e-21
1258925412,8.549259985e-25,1.271133763e-22,2.843298881e-21,2.262434194e-24,2.51756653e-22,6.85743649e-21
1584893192,9.509089015e-25,1.272551519e-22,2.843478847e-21,2.358866262e-24,2.511865655e-22,6.806601587e-21
1995262315,1.10253488e-24,1.27485235e-22,2.843789122e-21,2.51129203e-24,2.507229331e-22,6.759041971e-21
2511886432,1.341605169e-24,1.278523238e-22,2.844297239e-21,2.751688325e-24,2.503377113e-22,6.71001819e-21
3162277660,1.717420255e-24,1.284314943e-22,2.845106872e-21,3.129623285e-24,2.500052688e-22,6.653583086e-21
3981071706,2.305418683e-24,1.29336181e-22,2.846372445e-21,3.720927468e-24,2.497002764e-22,6.581830575e-21
5011872336,3.218649262e-24,1.307326225e-22,2.848314246e-21,4.639190068e-24,2.493955567e-22,6.484081081e-21
6309573445,4.62090926e-24,1.328528412e-22,2.851225679e-21,6.048877158e-24,2.49060196e-22,6.346309351e-21
7943282347,6.736782256e-24,1.359954291e-22,2.855454287e-21,8.175227658e-24,2.486588475e-22,6.151552328e-21
1e+10,9.846728339e-24,1.404930151e-22,2.86132796e-21,1.129895192e-23,2.481541299e-22,5.882579485e-21
1.258925412e+10,1.424584051e-23,1.466186066e-22,2.869004945e-21,1.571423946e-23,2.475147363e-22,5.528128334e-21
1.584893192e+10,2.014250821e-23,1.544223152e-22,2.878280918e-21,2.162649256e-23,2.467302884e-22,5.092111293e-21
1.995262315e+10,2.750119628e-23,1.635600162e-22,2.888483089e-21,2.899484489e-23,2.458276605e-22,4.600770799e-21
2.511886432e+10,3.590701068e-23,1.73260722e-22,2.898606837e-21,3.739842981e-23,2.44875212e-22,4.099737875e-21
