f_Hz,ReS11,ImS11,ReS12,ImS12,ReS21,ImS21,ReS22,ImS22
100000000,0.9997922104,-0.0143000975,5.574856525e-05,0.003559908398,-2.057788924,0.03679564247,0.9091442227,-0.01131600631
112344934.4,0.9997377555,-0.01606454037,7.035843849e-05,0.003999135465,-2.057646017,0.04133568894,0.9091052976,-0.0127123251
126213842.9,0.9996690345,-0.01804642873,8.879576871e-05,0.004492484022,-2.057465672,0.04643521882,0.9090561748,-0.01428075334
141794859,0.999582313,-0.02027245,0.0001120624854,0.005046593235,-2.057238087,0.05216288971,0.9089941849,-0.01604242708
159299341.3,0.9994728807,-0.02277252095,0.0001414223366,0.005668904304,-2.056950902,0.05859566376,0.9089159608,-0.01802104541
178964740.5,0.9993347971,-0.02558015929,0.0001784690322,0.006367752152,-2.056588528,0.06581976153,0.9088172562,-0.02024316755
201057820.3,0.9991605726,-0.02873288976,0.0002252119623,0.007152465393,-2.056131308,0.0739317039,0.908692717,-0.02273853872
225878276.3,0.9989407664,-0.03227268435,0.0002841839249,0.008033474332,-2.055554469,0.08303944071,0.9085355946,-0.02554044485
253762801.4,0.9986634828,-0.03624643449,0.0003585763632,0.009022426235,-2.054826791,0.09326355959,0.9083373851,-0.02868609511
285089652.7,0.9983137386,-0.04070644956,0.0004524088936,0.01013230624,-2.053908955,0.1047385604,0.9080873777,-0.03221702912
320283783.3,0.9978726731,-0.0457109723,0.0005707414307,0.01137756114,-2.052751466,0.1176141692,0.9077720891,-0.03617954264
359822606.3,0.9973165599,-0.05132469468,0.000719939,0.0127742214,-2.051292059,0.132056649,0.9073745571,-0.04062512112
404242471,0.9966155788,-0.05761924909,0.0009080013425,0.01434001446,-2.049452478,0.1482500397,0.9068734624,-0.04561086395
454145938.9,0.9957322909,-0.06467363624,0.001144971609,0.01609445851,-2.047134477,0.1663972253,0.9062420378,-0.05119987325
510209957.1,0.9946197586,-0.0725745329,0.001443440648,0.01805892133,-2.044214882,0.1867206791,0.9054467228,-0.05746156796
573195041.6,0.9932192386,-0.08141639758,0.001819165322,0.02025662156,-2.040539541,0.2094626688,0.9044455129,-0.0644718663
643955593.5,0.991457377,-0.09130125718,0.002291820399,0.02271254059,-2.035915965,0.2348846155,0.9031859516,-0.07231315528
723451489.1,0.9892428334,-0.102338012,0.002885902974,0.02545320089,-2.030104471,0.263265176,0.9016027124,-0.08107393333
812761100.9,0.9864622775,-0.1146410361,0.003631804684,0.02850624996,-2.022807683,0.294896463,0.8996147296,-0.0908479697
913095925.6,0.9829757332,-0.1283277734,0.004567057881,0.03189976891,-2.013658318,0.3300776131,0.8971218583,-0.1017327704
1025817019,0.9786113105,-0.1435149387,0.005737744357,0.03566119937,-2.002205374,0.3691046749,0.8940010906,-0.1138270749
1152453457,0.9731594796,-0.1603128286,0.007200024407,0.03981575499,-1.987899126,0.4122555145,0.8901024336,-0.1272270363
1294723080,0.9663672242,-0.1788171465,0.009021694218,0.04438415571,-1.970075806,0.4597681694,0.8852446866,-0.1420206629
1454555795,0.9579326932,-0.1990976701,0.01128360378,0.04937950357,-1.947943618,0.511810888,0.8792115504,-0.1582800498
1634119754,0.9475013693,-0.2211830972,0.01408065919,0.05480311963,-1.920572749,0.5684421008,0.8717487869,-0.1760509302
1835850765,0.9346653024,-0.2450415642,0.01752198974,0.06063920535,-1.886893457,0.6295590007,0.8625635194,-0.1953391931
2062485338,0.9189675922,-0.2705567741,0.02172968905,0.06684831058,-1.845707987,0.6948345572,0.8513272133,-0.2160943226
2317097800,0.8999149324,-0.2975005298,0.02683536809,0.07335982193,-1.795723705,0.763645058,0.8376843221,-0.2381903267
2603142003,0.8770014375,-0.3255038915,0.0329736488,0.08006407037,-1.735615928,0.8349940093,0.8212688681,-0.2614057311
2924498176,0.8497467508,-0.3540312086,0.04027178443,0.08680520371,-1.664128344,0.9074435624,0.8017310683,-0.2854056502
3285525557,0.8177500511,-0.3823637012,0.04883496571,0.09337662527,-1.580215282,0.9790710126,0.7787751308,-0.3097306698
3691121532,0.7807584715,-0.409601443,0.05872770723,0.09952138753,-1.483221948,1.047473637,0.7522071446,-0.3337988113
4146788064,0.7387434278,-0.4346933159,0.06995306034,0.104940124,-1.373085548,1.109847027,0.7219884196,-0.3569273576
4658706330,0.6919721153,-0.4565021706,0.08243308032,0.1093084746,-1.250523849,1.16315594,0.6882852061,-0.3783796564
5233820571,0.6410560186,-0.4739057985,0.09599543367,0.112304172,-1.117163486,1.204399275,0.6515018766,-0.3974373082
5879932287,0.5869569061,-0.485923682,0.1103713997,0.1136410927,-0.975556721,1.230942819,0.6122836682,-0.4134905959
6605806071,0.5309364761,-0.4918477954,0.1252089817,0.1131044207,-0.8290503578,1.2408627,0.5714791132,-0.4261316989
7421288497,0.4744490964,-0.4913482185,0.1401012594,0.1105790583,-0.6815053775,1.233222749,0.5300616892,-0.4352298931
8337441694,0.4189941777,-0.4845261576,0.1546255001,0.1060639135,-0.5369108352,1.208213812,0.4890223311,-0.440969202
9366693402,0.3659584425,-0.4718995276,0.1683848425,0.0996680994,-0.3989716001,1.167116085,0.4492541749,-0.4438378253
1.052300556e+10,0.3164819424,-0.4543251651,0.1810434,0.09159019211,-0.2707589757,1.112095323,0.4114534522,-0.4445720295
1.182206369e+10,0.2713732763,-0.43287888,0.1923479027,0.08208634091,-0.1544911284,1.04588882,0.3760545173,-0.4440692558
1.32814897e+10,0.2310833709,-0.4087228184,0.2021333455,0.07143527381,-0.05146794828,0.9714588993,0.3432056261,-0.4432909715
1.492108089e+10,0.1957309564,-0.3829870781,0.2103145139,0.0599075891,0.03785775615,0.8916850169,0.3127806636,-0.4431738824
1.676307854e+10,0.1651625729,-0.3566825373,0.2168680707,0.04774406161,0.1137179813,0.8091394836,0.2844148643,-0.4445609249
1.883246959e+10,0.1390274838,-0.3306500571,0.2218106103,0.03514453892,0.1768280439,0.7259608356,0.2575510602,-0.4481549712
2.11573256e+10,0.1168513888,-0.3055420556,0.2251772302,0.02226655056,0.2281887633,0.6438148833,0.2314858388,-0.4544916121
2.376918357e+10,0.09809897027,-0.2818277028,0.227003636,0.009231464227,0.2689193694,0.563920948,0.2054098468,-0.4639240389
2.670347369e+10,0.08222126317,-0.2598121392,0.2273133568,-0.003864264555,0.3001329918,0.4871184249,0.1784413526,-0.4766126873
3e+10,0.06868814188,-0.2396616844,0.2261106786,-0.01693493133,0.3228557674,0.413952517,0.1496559903,-0.4925140068
