VGB_V,CGS_F,CGD_F,CGB_F,CDS_F,CSD_F
0,6.067315e-14,6.067315e-14,1.5475105e-14,-4.600741e-20,-4.2366975e-20
0.01,6.06732e-14,6.06732e-14,1.547509e-14,-6.21701e-20,-5.72506e-20
0.02,6.067325e-14,6.067325e-14,1.5475075e-14,-8.401095e-20,-7.73631e-20
0.03,6.06733e-14,6.06733e-14,1.5475055e-14,-1.1352425e-19,-1.045412e-19
0.04,6.06734e-14,6.06734e-14,1.5475025e-14,-1.5340535e-19,-1.4126665e-19
0.05,6.067355e-14,6.06735e-14,1.5474985e-14,-2.0729635e-19,-1.9089325e-19
0.06,6.06737e-14,6.067365e-14,1.547493e-14,-2.8011895e-19,-2.5795295e-19
0.07,6.067395e-14,6.06739e-14,1.5474855e-14,-3.785218e-19,-3.4857035e-19
0.08,6.067425e-14,6.06742e-14,1.5474755e-14,-5.1149e-19,-4.7101725e-19
0.09,6.067465e-14,6.06746e-14,1.547462e-14,-6.911635e-19,-6.364735e-19
0.1,6.067525e-14,6.067515e-14,1.5474435e-14,-9.339435e-19,-8.600435e-19
0.11,6.0676e-14,6.067585e-14,1.547419e-14,-1.261987e-18,-1.162131e-18
0.12,6.067705e-14,6.067685e-14,1.5473855e-14,-1.7052275e-18,-1.5703015e-18
0.13,6.067845e-14,6.06782e-14,1.5473405e-14,-2.3040925e-18,-2.1217855e-18
0.14,6.06804e-14,6.068e-14,1.5472795e-14,-3.113182e-18,-2.866863e-18
0.15,6.068295e-14,6.068245e-14,1.547197e-14,-4.206213e-18,-3.8734265e-18
0.16,6.068645e-14,6.068575e-14,1.547086e-14,-5.682695e-18,-5.233115e-18
0.17,6.069115e-14,6.06902e-14,1.5469355e-14,-7.676895e-18,-7.069585e-18
0.18,6.06975e-14,6.069625e-14,1.546733e-14,-1.0369875e-17,-9.5496e-18
0.19,6.07061e-14,6.070435e-14,1.546459e-14,-1.400563e-17,-1.2897895e-17
0.2,6.071765e-14,6.071535e-14,1.5460895e-14,-1.8912655e-17,-1.741706e-17
0.21,6.07333e-14,6.073015e-14,1.545591e-14,-2.5532625e-17,-2.351398e-17
0.22,6.075435e-14,6.07501e-14,1.5449185e-14,-3.4458345e-17,-3.173483e-17
0.23,6.07827e-14,6.0777e-14,1.544013e-14,-4.648356e-17,-4.2811075e-17
0.24,6.08209e-14,6.08132e-14,1.542794e-14,-6.266765e-17,-5.77192e-17
0.25,6.08722e-14,6.086185e-14,1.5411555e-14,-8.441835e-17,-7.775725e-17
0.26,6.094105e-14,6.09271e-14,1.5389575e-14,-1.1359535e-16,-1.046408e-16
0.27,6.10332e-14,6.101445e-14,1.536016e-14,-1.5263565e-16,-1.4061935e-16
0.28,6.115605e-14,6.1131e-14,1.5320925e-14,-2.046985e-16,-1.8861175e-16
0.29,6.13192e-14,6.128575e-14,1.5268825e-14,-2.7381935e-16,-2.523507e-16
0.3,6.153455e-14,6.14901e-14,1.5200035e-14,-3.6505025e-16,-3.3651695e-16
0.31,6.18167e-14,6.175795e-14,1.5109905e-14,-4.845435e-16,-4.4682395e-16
0.32,6.218265e-14,6.210555e-14,1.4992955e-14,-6.3951e-16,-5.899905e-16
0.33,6.26515e-14,6.25511e-14,1.4843095e-14,-8.379555e-16,-7.735125e-16
0.34,6.324265e-14,6.311345e-14,1.4654045e-14,-1.088083e-15,-1.005131e-15
0.35,6.397385e-14,6.380975e-14,1.4420095e-14,-1.3972915e-15,-1.2919235e-15
0.36,6.485765e-14,6.465245e-14,1.4137145e-14,-1.7707835e-15,-1.6390295e-15
0.37,6.589785e-14,6.56458e-14,1.380387e-14,-2.210013e-15,-2.0482025e-15
0.38,6.70863e-14,6.678285e-14,1.3422755e-14,-2.7113945e-15,-2.5165695e-15
0.39,6.84018e-14,6.804405e-14,1.3000465e-14,-3.265808e-15,-3.0361005e-15
0.4,6.981155e-14,6.939865e-14,1.2547415e-14,-3.859275e-15,-3.59414e-15
0.41,7.12754e-14,7.080855e-14,1.2076435e-14,-4.4747555e-15,-4.1749965e-15
0.42,7.27514e-14,7.223365e-14,1.1600975e-14,-5.09456e-15,-4.7621365e-15
0.43,7.420125e-14,7.3637e-14,1.1133375e-14,-5.702605e-15,-5.34033e-15
0.44,7.559405e-14,7.498845e-14,1.068362e-14,-6.28601e-15,-5.897175e-15
0.45,7.690805e-14,7.626645e-14,1.025883e-14,-6.835725e-15,-6.423765e-15
0.46,7.813015e-14,7.745775e-14,9.863295e-15,-7.346415e-15,-6.914665e-15
0.47,7.92548e-14,7.855635e-14,9.49893e-15,-7.81585e-15,-7.367385e-15
0.48,8.028185e-14,7.95616e-14,9.16586e-15,-8.24411e-15,-7.78167e-15
0.49,8.121495e-14,8.047665e-14,8.862975e-15,-8.632825e-15,-8.15878e-15
0.5,8.206005e-14,8.13068e-14,8.588415e-15,-8.984555e-15,-8.50094e-15
0.51,8.28242e-14,8.205875e-14,8.33994e-15,-9.302335e-15,-8.810855e-15
0.52,8.351495e-14,8.273945e-14,8.115175e-15,-9.589345e-15,-9.091425e-15
0.53,8.41396e-14,8.335595e-14,7.911765e-15,-9.84869e-15,-9.345535e-15
0.54,8.47051e-14,8.391485e-14,7.727485e-15,-1.008331e-14,-9.57591e-15
0.55,8.521795e-14,8.442235e-14,7.56027e-15,-1.0295905e-14,-9.785095e-15
0.56,8.56838e-14,8.4884e-14,7.40826e-15,-1.048892e-14,-9.97539e-15
0.57,8.6108e-14,8.530485e-14,7.269775e-15,-1.0664535e-14,-1.0148855e-14
0.58,8.649505e-14,8.56893e-14,7.14333e-15,-1.0824685e-14,-1.030734e-14
0.59,8.684905e-14,8.604135e-14,7.02762e-15,-1.0971065e-14,-1.0452465e-14
0.6,8.717355e-14,8.636445e-14,6.92148e-15,-1.1105175e-14,-1.058566e-14
0.61,8.74718e-14,8.66617e-14,6.82389e-15,-1.122834e-14,-1.07082e-14
0.62,8.774645e-14,8.693575e-14,6.73396e-15,-1.134171e-14,-1.082119e-14
0.63,8.8e-14,8.718905e-14,6.6509e-15,-1.1446295e-14,-1.0925605e-14
0.64,8.823455e-14,8.74236e-14,6.57401e-15,-1.1543e-14,-1.102231e-14
0.65,8.8452e-14,8.76413e-14,6.502695e-15,-1.16326e-14,-1.111207e-14
0.66,8.865405e-14,8.78438e-14,6.4364e-15,-1.171579e-14,-1.119555e-14
0.67,8.88421e-14,8.803245e-14,6.374655e-15,-1.1793185e-14,-1.127334e-14
0.68,8.90175e-14,8.820865e-14,6.31704e-15,-1.1865325e-14,-1.1345975e-14
0.69,8.918135e-14,8.83734e-14,6.263175e-15,-1.1932695e-14,-1.1413915e-14
0.7,8.933475e-14,8.85278e-14,6.21273e-15,-1.199571e-14,-1.147758e-14
0.71,8.94786e-14,8.867275e-14,6.165405e-15,-1.205476e-14,-1.1537335e-14
0.72,8.961365e-14,8.8809e-14,6.12094e-15,-1.2110185e-14,-1.159352e-14
0.73,8.97407e-14,8.89373e-14,6.07909e-15,-1.2162285e-14,-1.164642e-14
0.74,8.986035e-14,8.90583e-14,6.03965e-15,-1.2211335e-14,-1.169631e-14
0.75,8.997325e-14,8.91726e-14,6.00242e-15,-1.225758e-14,-1.1743425e-14
0.76,9.00799e-14,8.928065e-14,5.96723e-15,-1.2301235e-14,-1.1787985e-14
0.77,9.01808e-14,8.9383e-14,5.933925e-15,-1.2342505e-14,-1.183018e-14
0.78,9.02763e-14,8.948005e-14,5.902365e-15,-1.238157e-14,-1.1870185e-14
0.79,9.03669e-14,8.957215e-14,5.87242e-15,-1.2418595e-14,-1.1908165e-14
0.8,9.04529e-14,8.96597e-14,5.843975e-15,-1.245372e-14,-1.194426e-14
0.81,9.053465e-14,8.974305e-14,5.816925e-15,-1.2487085e-14,-1.1978605e-14
0.82,9.06124e-14,8.98224e-14,5.79117e-15,-1.251881e-14,-1.201132e-14
0.83,9.06865e-14,8.98981e-14,5.76663e-15,-1.254901e-14,-1.204251e-14
0.84,9.07571e-14,8.99703e-14,5.743215e-15,-1.257779e-14,-1.2072285e-14
0.85,9.08245e-14,9.003935e-14,5.72086e-15,-1.2605235e-14,-1.210073e-14
0.86,9.088885e-14,9.010535e-14,5.69949e-15,-1.2631435e-14,-1.212793e-14
0.87,9.09504e-14,9.016855e-14,5.67905e-15,-1.265647e-14,-1.2153965e-14
0.88,9.10093e-14,9.02291e-14,5.65948e-15,-1.2680415e-14,-1.2178905e-14
0.89,9.10657e-14,9.028715e-14,5.640725e-15,-1.270333e-14,-1.2202815e-14
0.9,9.111975e-14,9.034285e-14,5.622735e-15,-1.272528e-14,-1.2225755e-14
0.91,9.117155e-14,9.039635e-14,5.605475e-15,-1.2746325e-14,-1.224779e-14
0.92,9.122135e-14,9.044775e-14,5.58889e-15,-1.276651e-14,-1.226896e-14
0.93,9.126915e-14,9.04972e-14,5.57295e-15,-1.2785895e-14,-1.2289315e-14
0.94,9.13151e-14,9.05448e-14,5.55762e-15,-1.2804515e-14,-1.230891e-14
0.95,9.135925e-14,9.059065e-14,5.542865e-15,-1.2822415e-14,-1.2327775e-14
0.96,9.14018e-14,9.06348e-14,5.52865e-15,-1.283964e-14,-1.2345955e-14
0.97,9.14428e-14,9.067745e-14,5.514955e-15,-1.2856215e-14,-1.2363485e-14
0.98,9.148225e-14,9.071855e-14,5.501745e-15,-1.2872185e-14,-1.2380395e-14
0.99,9.152035e-14,9.075825e-14,5.488995e-15,-1.2887575e-14,-1.239672e-14
1,9.15571e-14,9.07966e-14,5.47669e-15,-1.290242e-14,-1.241249e-14
1.01,9.159255e-14,9.08337e-14,5.4648e-15,-1.291674e-14,-1.2427735e-14
1.02,9.16268e-14,9.086955e-14,5.45331e-15,-1.2930565e-14,-1.244247e-14
1.03,9.16599e-14,9.09043e-14,5.442195e-15,-1.294392e-14,-1.245673e-14
1.04,9.16919e-14,9.09379e-14,5.43144e-15,-1.295683e-14,-1.2470535e-14
1.05,9.172285e-14,9.097045e-14,5.42103e-15,-1.296931e-14,-1.24839e-14
1.06,9.175285e-14,9.1002e-14,5.41095e-15,-1.298138e-14,-1.249685e-14
1.07,9.178185e-14,9.10326e-14,5.40118e-15,-1.2993065e-14,-1.2509405e-14
1.08,9.180995e-14,9.106225e-14,5.391705e-15,-1.300438e-14,-1.2521585e-14
1.09,9.18372e-14,9.109105e-14,5.38252e-15,-1.301534e-14,-1.2533395e-14
1.1,9.186365e-14,9.111905e-14,5.37361e-15,-1.302596e-14,-1.2544865e-14
1.11,9.188925e-14,9.11462e-14,5.364955e-15,-1.3036255e-14,-1.2556e-14
1.12,9.19141e-14,9.11726e-14,5.356555e-15,-1.3046245e-14,-1.2566815e-14
1.13,9.193825e-14,9.119825e-14,5.348395e-15,-1.3055935e-14,-1.257733e-14
1.14,9.19617e-14,9.12232e-14,5.34046e-15,-1.306534e-14,-1.258755e-14
1.15,9.198445e-14,9.12475e-14,5.33275e-15,-1.3074475e-14,-1.2597495e-14
1.16,9.20066e-14,9.127115e-14,5.32525e-15,-1.308335e-14,-1.2607165e-14
1.17,9.20281e-14,9.129415e-14,5.317955e-15,-1.3091975e-14,-1.261658e-14
1.18,9.204905e-14,9.131655e-14,5.31085e-15,-1.3100355e-14,-1.2625745e-14
1.19,9.20694e-14,9.13384e-14,5.303935e-15,-1.3108505e-14,-1.263467e-14
1.2,9.20892e-14,9.135965e-14,5.2972e-15,-1.3116435e-14,-1.264337e-14
