f_Hz,mag_S_Y11,phase_deg_Y11,mag_S_Y12,phase_deg_Y12,mag_S_Y21,phase_deg_Y21,mag_S_Y22,phase_deg_Y22
100000000,0.0001063388321,89.73801014,4.066405898e-05,-90.26198986,0.02642643506,-0.3681350328,0.0012260358,4.624815272
112344934.4,0.0001194659637,89.7056682,4.568388519e-05,-90.2943318,0.02642637452,-0.4135804876,0.001227157555,5.192447072
126213842.9,0.0001342134944,89.66933389,5.132335334e-05,-90.33066611,0.02642629812,-0.4646359144,0.001228571887,5.828785618
141794859,0.000150781404,89.62851446,5.765893593e-05,-90.37148554,0.0264262017,-0.5219937602,0.001230354625,6.541750439
159299341.3,0.0001693943361,89.58265635,6.477653685e-05,-90.41734365,0.02642608,-0.5864319125,0.001232600966,7.340010759
178964740.5,0.0001903046324,89.53113772,7.277265177e-05,-90.46886228,0.0264259264,-0.6588242292,0.001235430266,8.232988161
201057820.3,0.0002137957379,89.47326006,8.175567034e-05,-90.52673994,0.02642573254,-0.740152361,0.001238991912,9.230826086
225878276.3,0.0002401860209,89.40823873,9.18473368e-05,-90.59176127,0.02642548787,-0.8315190237,0.00124347248,10.34431104
253762801.4,0.0002698330552,89.33519239,0.0001031843877,-90.66480761,0.02642517907,-0.9341628932,0.001249104384,11.58472598
285089652.7,0.00030313842,89.25313111,0.0001159203872,-90.74686889,0.02642478935,-1.049475319,0.001256176183,12.96361174
320283783.3,0.000340553075,89.16094309,0.0001302277829,-90.83905691,0.0264242975,-1.179019073,0.00126504471,14.49240814
359822606.3,0.0003825833758,89.05737973,0.0001463002053,-90.94262027,0.02642367676,-1.324549367,0.001276149048,16.18194429
404242471,0.0004297977969,88.94103892,0.0001643550397,-91.05896108,0.02642289339,-1.488037408,0.001290026251,18.04174998
454145938.9,0.0004828344381,88.81034638,0.000184636296,-91.18965362,0.02642190478,-1.671696782,0.001307328476,20.07917007
510209957.1,0.0005424093884,88.66353476,0.0002074178072,-91.33646524,0.02642065723,-1.878012963,0.001328840862,22.29828577
573195041.6,0.000609326028,88.49862037,0.0002330067865,-91.50137963,0.02641908296,-2.109776314,0.001355499168,24.69868454
643955593.5,0.0006844853405,88.31337721,0.000261747771,-91.68662279,0.02641709652,-2.370118905,0.00138840579,27.27417403
723451489.1,0.0007688973077,88.10530816,0.0002940269784,-91.89469184,0.02641459017,-2.662555553,0.001428842598,30.0116004
812761100.9,0.000863693438,87.87161301,0.0003302770985,-92.12838699,0.02641142808,-2.991029439,0.001478279045,32.889991
913095925.6,0.0009701404577,87.60915321,0.0003709825285,-92.39084679,0.02640743915,-3.359962692,0.001538374485,35.88027066
1025817019,0.001089655149,87.31441316,0.0004166850473,-92.68558684,0.02640240781,-3.774312252,0.001610974569,38.94576948
1152453457,0.001223820259,86.98345798,0.0004679898982,-93.01654202,0.02639606275,-4.239631284,0.001698102892,42.04362948
1294723080,0.001374401288,86.61188785,0.0005255722108,-93.38811215,0.02638806264,-4.762136277,0.001801950348,45.12703784
1454555795,0.001543363854,86.19478921,0.0005901836381,-93.80521079,0.02637797849,-5.348779742,0.001924865545,48.14801378
1634119754,0.001732891062,85.72668344,0.0006626590024,-94.27331656,0.02636527172,-6.007328131,0.002069349561,51.06032681
1835850765,0.001945400084,85.20147422,0.0007439226314,-94.79852578,0.02634926708,-6.74644409,0.002238057311,53.82208732
2062485338,0.002183556647,84.61239511,0.0008349939018,-95.38760489,0.02632911948,-7.575771511,0.002433805942,56.3976428
2317097800,0.002450285634,83.95196041,0.0009369912911,-96.04803959,0.02630377362,-8.5060208,0.002659588544,58.75859552
2603142003,0.002748775152,83.21192314,0.001051133934,-96.78807686,0.02627191537,-9.54905046,0.002918589437,60.88395786
2924498176,0.003082470436,82.38324598,0.001178739292,-97.61675402,0.02623191415,-10.71793916,0.003214195779,62.75961731
3285525557,0.003455052614,81.45609356,0.001321215031,-98.54390644,0.02618175576,-12.02703992,0.003549999031,64.37735985
3691121532,0.003870395726,80.41985722,0.001480042587,-99.58014278,0.02611896635,-13.4920048,0.003929778903,65.73370552
4146788064,0.004332493524,79.26322736,0.001656749174,-100.7367726,0.02604052949,-15.12976438,0.004357461437,66.82876694
4658706330,0.004845345562,77.97433271,0.001852864226,-102.0256673,0.02594280098,-16.95844117,0.004837041934,67.66528125
5233820571,0.005412790417,76.54097071,0.002069855616,-103.4590293,0.02582142991,-18.9971712,0.005372462642,68.24790903
5879932287,0.006038273102,74.95095714,0.002309040722,-105.0490429,0.02567129972,-21.26580229,0.005967435176,68.58285021
6605806071,0.006724535173,73.19262538,0.002571467917,-106.8073746,0.02548651028,-23.7844343,0.006625199514,68.67779776
7421288497,0.007473221151,71.25550336,0.002857766065,-108.7444966,0.02526043014,-26.57276701,0.007348216756,68.54223034
8337441694,0.00828440597,69.13118623,0.003167963824,-110.8688138,0.02498585608,-29.64922857,0.008137803436,68.18802727
9366693402,0.009156067026,66.81440069,0.003501287746,-113.1855993,0.02465532168,-33.0298766,0.008993732871,67.63036503
1.052300556e+10,0.01008355175,64.30421943,0.003855958687,-115.6957806,0.02426159303,-36.72709743,0.009913854281,66.88881747
1.182206369e+10,0.01105912499,61.60533016,0.004229018713,-118.3946698,0.02379837095,-40.7481784,0.0108938108,65.98852918
1.32814897e+10,0.01207171153,58.72919904,0.00461623266,-121.270801,0.02326118016,-45.09388835,0.01192696555,64.96126724
1.492108089e+10,0.01310696406,55.69490865,0.005012114101,-124.3050914,0.02264836566,-49.75725718,0.01300465729,63.84609639
1.676307854e+10,0.01414776668,52.52942098,0.005410117901,-127.470579,0.02196204528,-54.72277355,0.01411688777,62.68939207
1.883246959e+10,0.01517521674,49.26704764,0.005803015667,-130.7329524,0.02120880927,-59.96619217,0.01525347876,61.54393665
2.11573256e+10,0.01617001612,45.94801937,0.006183427791,-134.0519806,0.02039994596,-65.45504447,0.01640563283,60.46695612
2.376918357e+10,0.01711407807,42.61622696,0.006544437874,-137.383773,0.01955103402,-71.14979207,0.01756771435,59.51714143
2.670347369e+10,0.01799206541,39.31640634,0.006880180975,-140.6835937,0.01868087579,-77.00540324,0.01873898144,58.75091614
3e+10,0.01879256891,36.0911908,0.007186294185,-143.9088092,0.01780991368,-82.9730398,0.01992498789,58.2183924
