VDS_V,gmd_S_VGB=0.4,gmd_S_VGB=0.6,gmd_S_VGB=0.8,gmd_S_VGB=1,gmd_S_VGB=1.2
0,0.002787846061,0.03757525919,0.08387378844,0.1236575303,0.1563750506
0.001,0.002704876444,0.03726638957,0.08359828955,0.1234378596,0.1562012953
0.002,0.002624022709,0.03695694778,0.08331974486,0.1232133668,0.156021271
0.003,0.002545253223,0.03664696855,0.08303818345,0.1229840782,0.1558350024
0.004,0.002468535744,0.03633648708,0.08275363647,0.1227500242,0.1556425189
0.005,0.00239383748,0.03602553913,0.08246613711,0.1225112384,0.1554438555
0.006,0.00232112514,0.03571416087,0.08217572054,0.1222677585,0.1552390518
0.007,0.002250364991,0.03540238896,0.08188242383,0.1220196254,0.1550281526
0.008,0.002181522908,0.03509026044,0.08158628593,0.1217668834,0.1548112072
0.009,0.00211456443,0.03477781277,0.08128734756,0.1215095803,0.1545882698
0.01,0.002049454809,0.03446508372,0.08098565117,0.121247767,0.1543593992
0.011,0.001986159067,0.03415211143,0.08068124083,0.1209814977,0.1541246584
0.012,0.001924642038,0.03383893432,0.08037416221,0.1207108293,0.1538841147
0.013,0.001864868426,0.03352559106,0.08006446242,0.1204358218,0.1536378396
0.014,0.001806802845,0.0332121206,0.07975219,0.1201565378,0.1533859083
0.015,0.001750409871,0.03289856208,0.07943739479,0.1198730427,0.1531283998
0.016,0.001695654084,0.03258495484,0.07912012787,0.1195854039,0.1528653968
0.017,0.001642500113,0.03227133834,0.07880044144,0.1192936916,0.1525969848
0.018,0.001590912676,0.03195775223,0.07847838877,0.1189979779,0.152323253
0.019,0.001540856622,0.03164423623,0.07815402405,0.118698337,0.1520442932
0.02,0.001492296968,0.03133083015,0.07782740238,0.1183948446,0.1517601998
0.021,0.001445198935,0.03101757385,0.07749857961,0.1180875787,0.1514710699
0.022,0.001399527984,0.03070450724,0.0771676123,0.1177766182,0.1511770028
0.023,0.001355249849,0.03039167022,0.07683455756,0.1174620437,0.1508780997
0.024,0.001312330565,0.03007910269,0.07649947307,0.1171439371,0.1505744637
0.025,0.0012707365,0.02976684452,0.07616241689,0.1168223812,0.1502661996
0.026,0.001230434381,0.02945493553,0.07582344742,0.1164974596,0.1499534136
0.027,0.001191391317,0.02914341545,0.07548262332,0.1161692569,0.149636213
0.028,0.001153574829,0.02883232394,0.07514000343,0.1158378582,0.1493147062
0.029,0.001116952861,0.02852170054,0.07479564666,0.115503349,0.1489890023
0.03,0.001081493811,0.02821158466,0.07444961195,0.1151658154,0.148659211
0.031,0.00104716654,0.02790201559,0.07410195818,0.1148253433,0.1483254426
0.032,0.001013940393,0.02759303245,0.07375274409,0.114482019,0.1479878074
0.033,0.0009817852121,0.02728467419,0.07340202823,0.1141359287,0.1476464158
0.034,0.0009506713496,0.0269769796,0.07304986888,0.1137871581,0.1473013784
0.035,0.0009205696791,0.02666998725,0.07269632399,0.1134357931,0.146952805
0.036,0.0008914516057,0.02636373553,0.07234145114,0.1130819189,0.1466008056
0.037,0.0008632890739,0.02605826261,0.07198530744,0.1127256201,0.146245489
0.038,0.0008360545749,0.02575360642,0.07162794954,0.1123669811,0.1458869639
0.039,0.0008097211522,0.0254498047,0.07126943351,0.1120060851,0.1455253377
0.04,0.0007842624055,0.0251468949,0.07090981486,0.111643015,0.1451607171
0.041,0.0007596524944,0.02484491426,0.07054914846,0.1112778525,0.1447932077
0.042,0.0007358661402,0.02454389977,0.0701874885,0.1109106785,0.1444229139
0.043,0.0007128786266,0.02424388815,0.06982488845,0.1105415729,0.144049939
0.044,0.0006906657998,0.02394491586,0.06946140108,0.1101706145,0.1436743846
0.045,0.0006692040675,0.0236470191,0.06909707834,0.1097978809,0.1432963513
0.046,0.0006484703966,0.02335023379,0.06873197141,0.1094234488,0.1429159378
0.047,0.000628442311,0.02305459559,0.06836613063,0.1090473934,0.1425332415
0.048,0.0006090978872,0.02276013989,0.06799960552,0.1086697887,0.1421483581
0.049,0.000590415751,0.02246690178,0.0676324447,0.1082907075,0.1417613815
0.05,0.0005723750716,0.02217491609,0.06726469593,0.107910221,0.1413724041
0.051,0.0005549555568,0.02188421736,0.06689640608,0.1075283993,0.1409815164
0.052,0.0005381374464,0.02159483986,0.06652762111,0.1071453111,0.140588807
0.053,0.000521901506,0.02130681755,0.06615838606,0.1067610234,0.1401943628
0.054,0.0005062290196,0.02102018413,0.06578874505,0.1063756023,0.1397982689
0.055,0.0004911017822,0.020734973,0.06541874128,0.1059891118,0.1394006084
0.056,0.0004765020921,0.02045121728,0.06504841702,0.1056016151,0.1390014625
0.057,0.0004624127427,0.0201689498,0.0646778136,0.1052131734,0.1386009107
0.058,0.000448817014,0.01988820311,0.06430697145,0.1048238468,0.1381990305
0.059,0.0004356986638,0.01960900945,0.06393593004,0.1044336939,0.1377958973
0.06,0.0004230419191,0.01933140079,0.06356472793,0.1040427717,0.137391585
0.061,0.0004108314667,0.01905540879,0.06319340276,0.1036511359,0.1369861653
0.062,0.0003990524443,0.01878106483,0.06282199128,0.1032588407,0.1365797082
0.063,0.0003876904308,0.01850839999,0.06245052931,0.1028659387,0.1361722818
0.064,0.000376731437,0.01823744505,0.06207905179,0.1024724816,0.1357639523
0.065,0.0003661618965,0.01796823049,0.06170759278,0.102078519,0.1353547841
0.066,0.0003559686555,0.01770078649,0.06133618545,0.1016840998,0.1349448398
0.067,0.0003461389636,0.01743514292,0.06096486213,0.101289271,0.1345341803
0.068,0.0003366604645,0.01717132933,0.0605936543,0.1008940785,0.1341228646
0.069,0.000327521186,0.01690937498,0.06022259259,0.100498567,0.13371095
0.07,0.0003187095308,0.0166493088,0.05985170681,0.1001027795,0.1332984923
0.071,0.0003102142671,0.01639115937,0.05948102598,0.09970675802,0.1328855454
0.072,0.0003020245191,0.01613495496,0.05911057833,0.09931054327,0.1324721616
0.073,0.0002941297577,0.01588072352,0.05874039128,0.09891417467,0.1320583915
0.074,0.0002865197918,0.01562849262,0.05837049153,0.09851769042,0.1316442844
0.075,0.0002791847584,0.01537828949,0.05800090501,0.09812112756,0.1312298877
0.076,0.0002721151145,0.015130141,0.05763165693,0.09772452194,0.1308152476
0.077,0.0002653016277,0.01488407365,0.05726277178,0.09732790828,0.1304004087
0.078,0.0002587353679,0.01464011354,0.05689427336,0.09693132016,0.1299854139
0.079,0.0002524076985,0.01439828639,0.0565261848,0.09653479009,0.1295703051
0.08,0.0002463102681,0.01415861751,0.05615852855,0.09613834951,0.1291551225
0.081,0.0002404350021,0.0139211318,0.05579132642,0.0957420288,0.1287399052
0.082,0.0002347740949,0.01368585371,0.0554245996,0.09534585736,0.1283246907
0.083,0.0002293200017,0.01345280724,0.05505836865,0.09494986355,0.1279095154
0.084,0.0002240654309,0.01322201596,0.05469265355,0.09455407481,0.1274944146
0.085,0.0002190033364,0.01299350292,0.05432747368,0.09415851761,0.1270794219
0.086,0.0002141269101,0.01276729069,0.05396284788,0.09376321751,0.1266645702
0.087,0.0002094295747,0.01254340134,0.05359879443,0.0933681992,0.1262498911
0.088,0.0002049049768,0.01232185639,0.05323533107,0.09297348648,0.1258354149
0.089,0.0002005469794,0.0121026768,0.05287247505,0.0925791023,0.1254211711
0.09,0.0001963496556,0.01188588299,0.05251024309,0.09218506883,0.1250071879
0.091,0.0001923072821,0.01167149474,0.05214865145,0.09179140739,0.1245934925
0.092,0.0001884143321,0.01145953127,0.0517877159,0.09139813858,0.1241801114
0.093,0.0001846654697,0.01125001111,0.05142745177,0.09100528221,0.1237670697
0.094,0.0001810555434,0.01104295218,0.05106787395,0.09061285738,0.1233543919
0.095,0.0001775795805,0.01083837167,0.05070899689,0.09022088248,0.1229421013
0.096,0.0001742327809,0.01063628609,0.05035083465,0.08982937522,0.1225302206
0.097,0.0001710105117,0.01043671123,0.04999340087,0.08943835263,0.1221187715
0.098,0.0001679083017,0.01023966209,0.04963670883,0.0890478311,0.1217077748
0.099,0.0001649218361,0.01004515292,0.04928077143,0.08865782641,0.1212972507
0.1,0.0001620469512,0.009853197161,0.0489256012,0.08826835373,0.1208872184
0.101,0.0001592796297,0.009663807409,0.04857121034,0.08787942762,0.1204776965
0.102,0.0001566159954,0.009476995419,0.04821761073,0.08749106209,0.1200687028
0.103,0.0001540523089,0.009292772061,0.04786481391,0.08710327062,0.1196602544
0.104,0.0001515849626,0.009111147305,0.04751283112,0.08671606612,0.1192523677
0.105,0.0001492104764,0.00893213019,0.04716167331,0.086329461,0.1188450586
0.106,0.0001469254938,0.008755728802,0.04681135114,0.08594346718,0.1184383421
0.107,0.000144726777,0.008581950255,0.046461875,0.08555809609,0.1180322326
0.108,0.0001426112034,0.008410800662,0.04611325503,0.08517335869,0.1176267442
0.109,0.0001405757613,0.008242285118,0.0457655011,0.0847892655,0.1172218902
0.11,0.0001386175464,0.008076407676,0.04541862286,0.08440582659,0.1168176833
0.111,0.000136733758,0.00791317133,0.04507262971,0.08402305162,0.1164141357
0.112,0.0001349216952,0.007752577993,0.04472753085,0.08364094982,0.1160112591
0.113,0.0001331787541,0.007594628482,0.04438333527,0.08325953006,0.1156090647
0.114,0.0001315024234,0.007439322502,0.04404005174,0.0828788008,0.1152075633
0.115,0.0001298902824,0.007286658631,0.04369768886,0.08249877015,0.1148067649
0.116,0.0001283399967,0.007136634305,0.04335625504,0.08211944585,0.1144066795
0.117,0.0001268493162,0.006989245812,0.04301575852,0.0817408353,0.1140073164
0.118,0.0001254160714,0.006844488278,0.04267620737,0.08136294558,0.1136086843
0.119,0.0001240381709,0.006702355661,0.04233760952,0.08098578344,0.1132107919
0.12,0.0001227135987,0.006562840748,0.04199997274,0.08060935531,0.1128136473
0.121,0.0001214404115,0.006425935149,0.04166330467,0.08023366734,0.112417258
0.122,0.0001202167358,0.006291629299,0.04132761281,0.07985872539,0.1120216316
0.123,0.0001190407662,0.006159912457,0.04099290453,0.07948453503,0.1116267748
0.124,0.0001179107622,0.006030772711,0.04065918712,0.07911110156,0.1112326945
0.125,0.0001168250464,0.005904196985,0.04032646771,0.07873843004,0.1108393968
0.126,0.0001157820021,0.005780171045,0.03999475338,0.07836652525,0.1104468878
0.127,0.0001147800712,0.005658679514,0.03966405108,0.07799539177,0.1100551731
0.128,0.0001138177518,0.005539705883,0.03933436769,0.0776250339,0.1096642581
0.129,0.0001128935968,0.005423232527,0.03900571,0.07725545575,0.1092741479
0.13,0.0001120062115,0.005309240724,0.03867808474,0.0768866612,0.1088848472
0.131,0.0001111542517,0.005197710676,0.03835149856,0.07651865393,0.1084963606
0.132,0.0001103364223,0.005088621531,0.03802595805,0.0761514374,0.1081086924
0.133,0.0001095514749,0.004981951411,0.03770146975,0.07578501489,0.1077218465
0.134,0.000108798207,0.004877677439,0.03737804014,0.07541938949,0.1073358267
0.135,0.0001080754595,0.004775775766,0.03705567569,0.07505456412,0.1069506366
0.136,0.0001073821155,0.004676221606,0.03673438278,0.0746905415,0.1065662795
0.137,0.0001067170991,0.004578989269,0.03641416781,0.07432732422,0.1061827584
0.138,0.0001060793732,0.004484052197,0.03609503712,0.07396491466,0.1058000763
0.139,0.0001054679389,0.004391383002,0.03577699704,0.0736033151,0.1054182358
0.14,0.0001048818334,0.004300953502,0.0354600539,0.07324252763,0.1050372394
0.141,0.0001043201292,0.004212734764,0.03514421398,0.0728825542,0.1046570895
0.142,0.0001037819327,0.004126697148,0.03482948361,0.07252339664,0.104277788
0.143,0.0001032663829,0.004042810344,0.03451586907,0.07216505664,0.103899337
0.144,0.0001027726502,0.003961043419,0.03420337667,0.07180753574,0.1035217383
0.145,0.0001022999354,0.003881364863,0.03389201273,0.07145083539,0.1031449933
0.146,0.0001018474684,0.003803742631,0.03358178359,0.0710949569,0.1027691037
0.147,0.0001014145074,0.003728144192,0.03327269559,0.07073990147,0.1023940706
0.148,0.0001010003376,0.003654536572,0.0329647551,0.07038567018,0.1020198953
0.149,0.0001006042706,0.003582886402,0.03265796854,0.07003226403,0.1016465787
0.15,0.0001002256429,0.003513159962,0.03235234235,0.0696796839,0.1012741217
0.151,9.98638155e-05,0.003445323231,0.03204788299,0.06932793056,0.100902525
0.152,9.951817271e-05,0.003379341928,0.03174459699,0.06897700471,0.1005317894
0.153,9.918812144e-05,0.003315181561,0.03144249091,0.06862690696,0.1001619151
0.154,9.887309033e-05,0.003252807467,0.03114157137,0.0682776378,0.09979290275
0.155,9.857252894e-05,0.003192184861,0.03084184505,0.06792919768,0.09942475248
0.156,9.828590703e-05,0.003133278877,0.03054331867,0.06758158695,0.09905746446
0.157,9.801271381e-05,0.003076054608,0.03024599904,0.06723480587,0.09869103875
0.158,9.775245722e-05,0.003020477148,0.02994989301,0.06688885464,0.09832547529
0.159,9.750466324e-05,0.002966511634,0.02965500753,0.06654373341,0.09796077395
0.16,9.726887527e-05,0.002914123282,0.0293613496,0.06619944222,0.09759693447
0.161,9.704465345e-05,0.002863277424,0.02906892631,0.06585598108,0.09723395653
0.162,9.683157407e-05,0.002813939545,0.02877774485,0.06551334991,0.09687183971
0.163,9.662922898e-05,0.002766075316,0.02848781248,0.06517154861,0.0965105835
0.164,9.643722503e-05,0.002719650627,0.02819913656,0.06483057697,0.09615018731
0.165,9.625518349e-05,0.00267463162,0.02791172453,0.06449043478,0.0957906505
0.166,9.608273955e-05,0.002630984715,0.02762558395,0.06415112174,0.09543197232
0.167,9.591954182e-05,0.002588676639,0.02734072248,0.06381263752,0.09507415196
0.168,9.57652518e-05,0.002547674455,0.02705714787,0.06347498173,0.09471718856
0.169,9.561954344e-05,0.002507945584,0.026774868,0.06313815393,0.09436108115
0.17,9.548210267e-05,0.002469457826,0.02649389085,0.06280215367,0.09400582875
0.171,9.535262699e-05,0.002432179387,0.02621422454,0.06246698043,0.09365143027
0.172,9.523082498e-05,0.002396078891,0.02593587729,0.06213263365,0.09329788459
0.173,9.511641598e-05,0.002361125407,0.02565885745,0.06179911274,0.09294519053
0.174,9.500912963e-05,0.002327288457,0.0253831735,0.06146641708,0.09259334684
0.175,9.49087055e-05,0.002294538035,0.02510883405,0.06113454602,0.09224235224
0.176,9.481489277e-05,0.002262844623,0.02483584785,0.06080349886,0.09189220537
0.177,9.472744983e-05,0.002232179195,0.0245642238,0.06047327488,0.09154290485
0.178,9.464614396e-05,0.002202513236,0.02429397091,0.06014387333,0.09119444924
0.179,9.457075101e-05,0.002173818747,0.02402509837,0.05981529344,0.09084683706
0.18,9.450105508e-05,0.002146068251,0.02375761548,0.05948753442,0.09050006678
0.181,9.44368482e-05,0.002119234804,0.02349153174,0.05916059542,0.09015413682
0.182,9.437793009e-05,0.002093291997,0.02322685676,0.05883447562,0.08980904559
0.183,9.432410779e-05,0.00206821396,0.02296360033,0.05850917414,0.08946479145
0.184,9.42751955e-05,0.002043975366,0.0227017724,0.05818469009,0.0891213727
0.185,9.423101421e-05,0.002020551436,0.02244138307,0.05786102257,0.08877878763
0.186,9.419139155e-05,0.001997917931,0.02218244261,0.05753817066,0.08843703449
0.187,9.415616145e-05,0.001976051162,0.02192496146,0.05721613342,0.0880961115
0.188,9.412516399e-05,0.001954927982,0.02166895023,0.0568949099,0.08775601685
0.189,9.409824512e-05,0.001934525789,0.02141441971,0.05657449913,0.08741674869
0.19,9.407525648e-05,0.001914822518,0.02116138084,0.05625490014,0.08707830515
0.191,9.405605516e-05,0.001895796644,0.02090984475,0.05593611193,0.08674068433
0.192,9.404050352e-05,0.001877427172,0.02065982274,0.05561813351,0.08640388432
0.193,9.4028469e-05,0.001859693636,0.02041132631,0.05530096387,0.08606790316
0.194,9.40198239e-05,0.001842576093,0.0201643671,0.054984602,0.08573273888
0.195,9.401444525e-05,0.001826055117,0.01991895697,0.05466904687,0.08539838949
0.196,9.401221459e-05,0.001810111793,0.01967510792,0.05435429745,0.08506485297
0.197,9.401301784e-05,0.00179472771,0.01943283217,0.05404035271,0.08473212728
0.198,9.401674512e-05,0.001779884954,0.01919214209,0.05372721162,0.08440021038
0.199,9.40232906e-05,0.001765566099,0.01895305023,0.05341487313,0.08406910017
0.2,9.403255234e-05,0.001751754203,0.01871556934,0.0531033362,0.08373879458
0.201,9.404443217e-05,0.001738432798,0.01847971233,0.05279259978,0.0834092915
0.202,9.405883553e-05,0.00172558588,0.01824549228,0.05248266284,0.08308058879
0.203,9.407567134e-05,0.001713197902,0.01801292247,0.05217352432,0.08275268432
0.204,9.409485191e-05,0.001701253766,0.01778201631,0.05186518318,0.08242557594
0.205,9.411629273e-05,0.001689738814,0.01755278742,0.05155763839,0.08209926147
0.206,9.413991245e-05,0.001678638818,0.01732524954,0.05125088889,0.08177373873
0.207,9.416563269e-05,0.001667939972,0.01709941659,0.05094493367,0.08144900554
0.208,9.419337799e-05,0.001657628882,0.01687530266,0.05063977167,0.08112505967
0.209,9.422307563e-05,0.001647692557,0.01665292195,0.05033540188,0.08080189893
0.21,9.425465561e-05,0.001638118402,0.01643228882,0.05003182328,0.08047952108
0.211,9.428805049e-05,0.001628894205,0.01621341778,0.04972903485,0.08015792389
0.212,9.432319532e-05,0.001620008131,0.01599632343,0.04942703558,0.0798371051
0.213,9.436002755e-05,0.001611448712,0.0157810205,0.04912582447,0.07951706248
0.214,9.439848693e-05,0.001603204837,0.01556752385,0.04882540053,0.07919779374
0.215,9.443851544e-05,0.001595265744,0.0153558484,0.04852576278,0.07887929663
0.216,9.448005719e-05,0.001587621011,0.01514600918,0.04822691023,0.07856156886
0.217,9.452305836e-05,0.001580260546,0.01493802127,0.04792884193,0.07824460816
0.218,9.45674671e-05,0.001573174581,0.01473189984,0.04763155693,0.07792841224
0.219,9.46132335e-05,0.001566353659,0.01452766006,0.04733505428,0.07761297879
0.22,9.466030946e-05,0.001559788631,0.01432531717,0.04703933306,0.07729830552
0.221,9.470864867e-05,0.001553470643,0.0141248864,0.04674439234,0.07698439012
0.222,9.475820653e-05,0.001547391128,0.01392638296,0.04645023123,0.07667123029
0.223,9.480894007e-05,0.001541541802,0.01372982207,0.04615684884,0.07635882371
0.224,9.486080793e-05,0.00153591465,0.01353521887,0.04586424429,0.07604716806
0.225,9.491377025e-05,0.001530501925,0.01334258846,0.04557241673,0.07573626102
0.226,9.496778866e-05,0.001525296135,0.01315194583,0.0452813653,0.07542610027
0.227,9.502282619e-05,0.001520290035,0.01296330586,0.0449910892,0.07511668349
0.228,9.507884725e-05,0.001515476625,0.0127766833,0.0447015876,0.07480800834
0.229,9.513581754e-05,0.001510849137,0.01259209274,0.04441285971,0.07450007249
0.23,9.519370405e-05,0.001506401033,0.01240954856,0.04412490477,0.07419287362
0.231,9.525247497e-05,0.001502125992,0.01222906494,0.04383772203,0.07388640939
0.232,9.531209968e-05,0.00149801791,0.0120506558,0.04355131074,0.07358067746
0.233,9.537254868e-05,0.001494070887,0.01187433479,0.04326567019,0.0732756755
0.234,9.543379355e-05,0.001490279227,0.01170011525,0.0429807997,0.07297140117
0.235,9.549580693e-05,0.001486637426,0.01152801018,0.04269669859,0.07266785214
0.236,9.555856247e-05,0.001483140169,0.01135803219,0.04241336622,0.07236502607
0.237,9.562203479e-05,0.001479782323,0.01119019351,0.04213080196,0.07206292062
0.238,9.568619945e-05,0.001476558931,0.01102450592,0.04184900521,0.07176153346
0.239,9.57510329e-05,0.001473465209,0.01086098071,0.04156797541,0.07146086225
0.24,9.581651247e-05,0.001470496535,0.01069962868,0.04128771199,0.07116090465
0.241,9.588261632e-05,0.001467648449,0.01054046008,0.04100821443,0.07086165834
0.242,9.594932343e-05,0.001464916646,0.01038348456,0.04072948225,0.07056312097
0.243,9.601661354e-05,0.00146229697,0.01022871119,0.04045151497,0.07026529022
0.244,9.608446714e-05,0.00145978541,0.01007614836,0.04017431215,0.06996816375
0.245,9.615286544e-05,0.001457378093,0.009925803782,0.03989787338,0.06967173924
0.246,9.622179036e-05,0.001455071286,0.009777684456,0.03962219828,0.06937601435
0.247,9.629122447e-05,0.001452861381,0.009631796621,0.03934728651,0.06908098676
0.248,9.636115099e-05,0.001450744901,0.009488145731,0.03907313775,0.06878665415
0.249,9.643155375e-05,0.00144871849,0.009346736422,0.03879975171,0.06849301419
0.25,9.650241718e-05,0.001446778908,0.009207572481,0.03852712815,0.06820006457
0.251,9.65737263e-05,0.001444923033,0.009070656816,0.03825526686,0.06790780295
0.252,9.664546667e-05,0.00144314785,0.008935991428,0.03798416766,0.06761622704
0.253,9.671762439e-05,0.001441450451,0.008803577384,0.0377138304,0.06732533451
0.254,9.679018606e-05,0.001439828033,0.008673414796,0.037444255,0.06703512305
0.255,9.686313878e-05,0.00143827789,0.008545502791,0.03717544139,0.06674559035
0.256,9.693647014e-05,0.001436797414,0.008419839501,0.03690738954,0.06645673411
0.257,9.701016817e-05,0.001435384087,0.008296422035,0.0366400995,0.06616855202
0.258,9.708422136e-05,0.001434035484,0.008175246469,0.03637357131,0.06588104179
0.259,9.715861861e-05,0.001432749263,0.008056307831,0.0361078051,0.06559420111
0.26,9.723334923e-05,0.001431523168,0.007939600091,0.03584280102,0.06530802769
0.261,9.730840293e-05,0.001430355022,0.007825116151,0.03557855928,0.06502251923
0.262,9.738376981e-05,0.001429242727,0.007712847843,0.03531508013,0.06473767345
0.263,9.745944031e-05,0.001428184258,0.007602785926,0.03505236389,0.06445348805
0.264,9.753540526e-05,0.001427177665,0.007494920083,0.03479041091,0.06416996076
0.265,9.761165579e-05,0.001426221066,0.007389238932,0.0345292216,0.06388708929
0.266,9.768818338e-05,0.001425312647,0.007285730025,0.03426879645,0.06360487137
0.267,9.776497983e-05,0.001424450659,0.007184379861,0.03400913599,0.06332330472
0.268,9.784203721e-05,0.001423633417,0.0070851739,0.03375024079,0.06304238706
0.269,9.791934793e-05,0.001422859294,0.006988096575,0.03349211152,0.06276211613
0.27,9.799690465e-05,0.001422126724,0.00689313131,0.0332347489,0.06248248966
0.271,9.80747003e-05,0.001421434195,0.006800260546,0.0329781537,0.06220350538
0.272,9.815272808e-05,0.001420780253,0.006709465758,0.03272232679,0.06192516104
0.273,9.823098145e-05,0.001420163492,0.006620727485,0.0324672691,0.06164745438
0.274,9.83094541e-05,0.00141958256,0.006534025355,0.03221298161,0.06137038314
0.275,9.838813995e-05,0.001419036153,0.006449338122,0.03195946542,0.06109394507
0.276,9.846703316e-05,0.001418523012,0.006366643689,0.03170672168,0.06081813792
0.277,9.854612808e-05,0.001418041927,0.006285919153,0.03145475163,0.06054295945
0.278,9.86254193e-05,0.001417591729,0.006207140835,0.03120355659,0.06026840741
0.279,9.870490159e-05,0.001417171292,0.006130284318,0.03095313799,0.05999447955
0.28,9.878456992e-05,0.001416779532,0.006055324491,0.03070349733,0.05972117365
0.281,9.886441944e-05,0.001416415402,0.005982235586,0.03045463621,0.05944848745
0.282,9.894444549e-05,0.001416077895,0.005910991222,0.03020655635,0.05917641874
0.283,9.902464358e-05,0.001415766039,0.005841564446,0.02995925954,0.05890496528
0.284,9.910500937e-05,0.001415478897,0.005773927776,0.0297127477,0.05863412484
0.285,9.918553871e-05,0.001415215568,0.005708053249,0.02946702285,0.05836389519
0.286,9.926622757e-05,0.001414975182,0.005643912461,0.02922208713,0.05809427411
0.287,9.93470721e-05,0.001414756901,0.005581476612,0.02897794281,0.05782525938
0.288,9.942806857e-05,0.001414559918,0.005520716552,0.02873459226,0.05755684877
0.289,9.95092134e-05,0.001414383453,0.005461602825,0.02849203799,0.05728904007
0.29,9.959050314e-05,0.001414226758,0.00540410571,0.02825028266,0.05702183107
0.291,9.967193446e-05,0.001414089109,0.005348195267,0.02800932904,0.05675521955
0.292,9.975350418e-05,0.001413969809,0.005293841381,0.02776918006,0.05648920329
0.293,9.98352092e-05,0.001413868189,0.005241013799,0.02752983881,0.05622378008
0.294,9.991704655e-05,0.001413783601,0.005189682174,0.0272913085,0.05595894772
0.295,9.999901339e-05,0.001413715421,0.005139816103,0.02705359255,0.055694704
0.296,0.000100081107,0.001413663049,0.005091385171,0.02681669449,0.05543104671
0.297,0.0001001633246,0.001413625908,0.005044358979,0.02658061807,0.05516797365
0.298,0.0001002456638,0.001413603438,0.00499870719,0.02634536721,0.0549054826
0.299,0.000100328122,0.001413595103,0.004954399556,0.02611094599,0.05464357138
0.3,0.000100410697,0.001413600385,0.004911405956,0.02587735871,0.05438223777
0.301,0.0001004933864,0.001413618785,0.004869696427,0.02564460987,0.05412147957
0.302,0.000100576188,0.001413649822,0.004829241192,0.02541270415,0.05386129458
0.303,0.0001006590998,0.001413693034,0.004790010691,0.02518164648,0.05360168061
0.304,0.0001007421196,0.001413747974,0.004751975607,0.02495144199,0.05334263545
0.305,0.0001008252456,0.001413814211,0.004715106893,0.02472209604,0.05308415689
0.306,0.0001009084758,0.001413891333,0.004679375795,0.02449361425,0.05282624275
0.307,0.0001009918085,0.001413978939,0.004644753872,0.02426600246,0.05256889082
0.308,0.0001010752418,0.001414076645,0.004611213021,0.02403926677,0.05231209891
0.309,0.0001011587742,0.00141418408,0.004578725493,0.02381341356,0.0520558648
0.31,0.0001012424039,0.001414300888,0.004547263914,0.02358844946,0.0518001863
0.311,0.0001013261295,0.001414426723,0.004516801295,0.0233643814,0.05154506121
0.312,0.0001014099494,0.001414561256,0.004487311053,0.02314121658,0.05129048733
0.313,0.0001014938621,0.001414704166,0.004458767022,0.02291896253,0.05103646245
0.314,0.0001015778664,0.001414855145,0.004431143462,0.02269762704,0.05078298437
0.315,0.0001016619608,0.001415013898,0.004404415074,0.02247721826,0.05053005089
0.316,0.000101746144,0.001415180138,0.004378557006,0.02225774464,0.05027765979
0.317,0.0001018304149,0.001415353591,0.00435354486,0.02203921499,0.05002580887
0.318,0.0001019147721,0.00141553399,0.004329354703,0.02182163843,0.04977449592
0.319,0.0001019992147,0.001415721082,0.004305963068,0.02160502445,0.04952371873
0.32,0.0001020837413,0.001415914619,0.004283346959,0.02138938292,0.04927347509
0.321,0.0001021683511,0.001416114365,0.004261483857,0.02117472405,0.04902376278
0.322,0.0001022530429,0.00141632009,0.00424035172,0.02096105844,0.04877457958
0.323,0.0001023378159,0.001416531576,0.004219928983,0.0207483971,0.04852592327
0.324,0.0001024226689,0.001416748609,0.004200194563,0.02053675139,0.04827779164
0.325,0.0001025076011,0.001416970986,0.004181127853,0.02032613311,0.04803018246
0.326,0.0001025926117,0.00141719851,0.004162708725,0.02011655446,0.04778309349
0.327,0.0001026776997,0.001417430991,0.004144917526,0.01990802806,0.04753652251
0.328,0.0001027628644,0.001417668247,0.004127735076,0.01970056694,0.04729046729
0.329,0.0001028481049,0.001417910101,0.004111142665,0.01949418457,0.04704492559
0.33,0.0001029334206,0.001418156383,0.004095122048,0.01928889487,0.04679989517
0.331,0.0001030188106,0.001418406931,0.004079655443,0.01908471216,0.04655537379
0.332,0.0001031042744,0.001418661587,0.004064725524,0.01888165123,0.04631135919
0.333,0.0001031898111,0.0014189202,0.004050315415,0.01867972732,0.04606784914
0.334,0.0001032754202,0.001419182623,0.004036408686,0.01847895608,0.04582484138
0.335,0.000103361101,0.001419448716,0.004022989349,0.01827935366,0.04558233365
0.336,0.000103446853,0.001419718342,0.004010041845,0.0180809366,0.04534032368
0.337,0.0001035326755,0.001419991372,0.003997551045,0.01788372192,0.04509880922
0.338,0.000103618568,0.00142026768,0.003985502237,0.01768772707,0.044857788
0.339,0.0001037045299,0.001420547143,0.003973881123,0.01749296994,0.04461725773
0.34,0.0001037905608,0.001420829647,0.003962673807,0.01729946884,0.04437721615
0.341,0.0001038766601,0.001421115077,0.003951866793,0.01710724251,0.04413766098
0.342,0.0001039628274,0.001421403326,0.003941446974,0.01691631011,0.04389858992
0.343,0.0001040490622,0.001421694288,0.003931401623,0.01672669117,0.04366000069
0.344,0.0001041353641,0.001421987865,0.003921718389,0.01653840565,0.04342189099
0.345,0.0001042217326,0.001422283958,0.003912385286,0.01635147385,0.04318425853
0.346,0.0001043081674,0.001422582474,0.003903390685,0.01616591645,0.04294710101
0.347,0.0001043946679,0.001422883323,0.003894723309,0.01598175445,0.04271041611
0.348,0.000104481234,0.001423186419,0.003886372219,0.01579900917,0.04247420153
0.349,0.0001045678651,0.001423491678,0.003878326815,0.01561770223,0.04223845496
0.35,0.000104654561,0.001423799019,0.003870576817,0.01543785551,0.04200317408
0.351,0.0001047413212,0.001424108365,0.003863112268,0.01525949113,0.04176835656
0.352,0.0001048281456,0.001424419642,0.003855923517,0.01508263143,0.04153400009
0.353,0.0001049150337,0.001424732778,0.003849001216,0.01490729891,0.04130010233
0.354,0.0001050019853,0.001425047702,0.003842336313,0.01473351623,0.04106666096
0.355,0.0001050890001,0.00142536435,0.00383592004,0.01456130613,0.04083367364
0.356,0.0001051760777,0.001425682655,0.003829743909,0.01439069146,0.04060113804
0.357,0.000105263218,0.001426002556,0.003823799703,0.01422169506,0.04036905182
0.358,0.0001053504207,0.001426323994,0.00381807947,0.01405433976,0.04013741265
0.359,0.0001054376856,0.001426646911,0.003812575513,0.01388864835,0.03990621817
0.36,0.0001055250123,0.001426971252,0.003807280386,0.01372464348,0.03967546606
0.361,0.0001056124007,0.001427296963,0.003802186883,0.01356234768,0.03944515398
0.362,0.0001056998505,0.001427623993,0.003797288038,0.01340178323,0.03921527957
0.363,0.0001057873616,0.001427952292,0.003792577108,0.0132429722,0.0389858405
0.364,0.0001058749337,0.001428281813,0.003788047577,0.01308593631,0.03875683445
0.365,0.0001059625667,0.001428612509,0.003783693141,0.01293069693,0.03852825906
0.366,0.0001060502603,0.001428944337,0.003779507707,0.01277727501,0.03830011201
0.367,0.0001061380144,0.001429277253,0.003775485384,0.01262569104,0.03807239096
0.368,0.0001062258287,0.001429611218,0.003771620479,0.01247596495,0.03784509361
0.369,0.0001063137033,0.00142994619,0.003767907488,0.01232811611,0.03761821763
0.37,0.0001064016378,0.001430282132,0.003764341093,0.01218216323,0.0373917607
0.371,0.0001064896321,0.001430619007,0.003760916154,0.01203812434,0.03716572054
0.372,0.0001065776862,0.00143095678,0.003757627707,0.0118960167,0.03694009484
0.373,0.0001066657997,0.001431295417,0.003754470954,0.01175585678,0.03671488133
0.374,0.0001067539727,0.001431634884,0.003751441261,0.01161766017,0.03649007773
0.375,0.0001068422049,0.001431975151,0.003748534151,0.01148144159,0.03626568179
0.376,0.0001069304963,0.001432316186,0.003745745301,0.01134721475,0.03604169128
0.377,0.0001070188467,0.00143265796,0.003743070534,0.01121499239,0.03581810396
0.378,0.0001071072561,0.001433000446,0.003740505819,0.01108478619,0.03559491764
0.379,0.0001071957242,0.001433343615,0.003738047261,0.01095660674,0.03537213014
0.38,0.000107284251,0.001433687442,0.0037356911,0.01083046348,0.03514973928
0.381,0.0001073728365,0.001434031901,0.003733433706,0.01070636469,0.03492774295
0.382,0.0001074614804,0.001434376967,0.003731271574,0.01058431746,0.03470613903
0.383,0.0001075501828,0.001434722618,0.00372920132,0.01046432762,0.03448492545
0.384,0.0001076389434,0.001435068831,0.003727219678,0.01034639976,0.03426410017
0.385,0.0001077277623,0.001435415583,0.003725323497,0.01023053719,0.03404366117
0.386,0.0001078166394,0.001435762855,0.003723509731,0.01011674189,0.0338236065
0.387,0.0001079055745,0.001436110625,0.003721775445,0.01000501456,0.03360393423
0.388,0.0001079945677,0.001436458874,0.003720117805,0.009895354545,0.03338464248
0.389,0.0001080836187,0.001436807584,0.003718534073,0.009787759876,0.03316572941
0.39,0.0001081727276,0.001437156736,0.003717021612,0.009682227236,0.03294719326
0.391,0.0001082618943,0.001437506313,0.003715577874,0.009578751979,0.03272903231
0.392,0.0001083511187,0.001437856298,0.003714200401,0.009477328127,0.03251124489
0.393,0.0001084404008,0.001438206675,0.003712886822,0.009377948385,0.03229382942
0.394,0.0001085297405,0.001438557429,0.003711634849,0.009280604152,0.03207678438
0.395,0.0001086191378,0.001438908544,0.003710442274,0.00918528554,0.03186010831
0.396,0.0001087085925,0.001439260006,0.003709306968,0.009091981394,0.03164379986
0.397,0.0001087981048,0.0014396118,0.003708226876,0.009000679317,0.03142785775
0.398,0.0001088876744,0.001439963915,0.003707200017,0.008911365701,0.03121228079
0.399,0.0001089773013,0.001440316336,0.003706224478,0.008824025755,0.0309970679
0.4,0.0001090669856,0.001440669051,0.003705298416,0.008738643542,0.0307822181
0.401,0.0001091567272,0.001441022049,0.003704420053,0.008655202013,0.03056773051
0.402,0.0001092465259,0.001441375317,0.003703587671,0.008573683053,0.03035360439
0.403,0.0001093363819,0.001441728844,0.003702799618,0.008494067517,0.03013983911
0.404,0.000109426295,0.001442082621,0.003702054296,0.00841633528,0.02992643418
0.405,0.0001095162653,0.001442436636,0.003701350166,0.008340465279,0.02971338924
0.406,0.0001096062926,0.001442790879,0.003700685744,0.008266435562,0.02950070411
0.407,0.000109696377,0.001443145341,0.003700059599,0.008194223341,0.02928837873
0.408,0.0001097865185,0.001443500013,0.003699470349,0.008123805036,0.02907641324
0.409,0.0001098767169,0.001443854886,0.003698916663,0.008055156333,0.02886480794
0.41,0.0001099669723,0.001444209951,0.003698397258,0.007988252231,0.02865356332
0.411,0.0001100572846,0.0014445652,0.003697910896,0.007923067096,0.02844268008
0.412,0.0001101476539,0.001444920625,0.003697456381,0.007859574716,0.02823215911
0.413,0.0001102380801,0.001445276218,0.003697032564,0.007797748348,0.02802200154
0.414,0.0001103285631,0.001445631972,0.003696638335,0.007737560775,0.02781220871
0.415,0.000110419103,0.00144598788,0.003696272622,0.007678984358,0.02760278222
0.416,0.0001105096998,0.001446343934,0.003695934394,0.007621991082,0.02739372392
0.417,0.0001106003534,0.001446700129,0.003695622657,0.007566552613,0.02718503592
0.418,0.0001106910637,0.001447056458,0.00369533645,0.007512640342,0.02697672064
0.419,0.0001107818309,0.001447412915,0.003695074849,0.007460225434,0.02676878075
0.42,0.0001108726548,0.001447769494,0.003694836961,0.007409278881,0.02656121928
0.421,0.0001109635355,0.001448126189,0.003694621928,0.007359771538,0.02635403954
0.422,0.000111054473,0.001448482995,0.00369442892,0.007311674175,0.02614724521
0.423,0.0001111454671,0.001448839906,0.003694257138,0.007264957515,0.0259408403
0.424,0.000111236518,0.001449196917,0.003694105812,0.007219592279,0.02573482922
0.425,0.0001113276256,0.001449554024,0.003693974199,0.00717554922,0.02552921673
0.426,0.00011141879,0.001449911222,0.003693861582,0.007132799166,0.02532400801
0.427,0.000111510011,0.001450268506,0.003693767272,0.007091313052,0.02511920866
0.428,0.0001116012886,0.001450625872,0.003693690603,0.007051061956,0.02491482471
0.429,0.000111692623,0.001450983315,0.003693630934,0.007012017128,0.02471086264
0.43,0.000111784014,0.001451340832,0.003693587645,0.006974150025,0.02450732941
0.431,0.0001118754617,0.001451698418,0.003693560142,0.006937432335,0.02430423244
0.432,0.0001119669661,0.001452056071,0.003693547849,0.006901836007,0.02410157969
0.433,0.000112058527,0.001452413785,0.003693550213,0.006867333272,0.02389937962
0.434,0.0001121501447,0.001452771558,0.003693566698,0.00683389667,0.02369764123
0.435,0.000112241819,0.001453129386,0.003693596792,0.006801499067,0.02349637407
0.436,0.0001123335499,0.001453487267,0.003693639997,0.006770113677,0.02329558828
0.437,0.0001124253374,0.001453845196,0.003693695835,0.006739714082,0.02309529457
0.438,0.0001125171816,0.001454203171,0.003693763845,0.006710274241,0.02289550429
0.439,0.0001126090825,0.001454561189,0.003693843583,0.006681768512,0.02269622937
0.44,0.0001127010399,0.001454919247,0.00369393462,0.00665417166,0.02249748243
0.441,0.000112793054,0.001455277343,0.003694036544,0.006627458871,0.0222992767
0.442,0.0001128851247,0.001455635473,0.003694148956,0.006601605761,0.0221016261
0.443,0.000112977252,0.001455993636,0.003694271473,0.006576588385,0.02190454525
0.444,0.0001130694359,0.001456351828,0.003694403725,0.006552383245,0.02170804944
0.445,0.0001131616765,0.001456710048,0.003694545356,0.006528967294,0.02151215469
0.446,0.0001132539737,0.001457068294,0.003694696022,0.006506317944,0.02131687774
0.447,0.0001133463275,0.001457426562,0.003694855392,0.006484413069,0.02112223605
0.448,0.000113438738,0.001457784852,0.003695023147,0.006463231004,0.02092824783
0.449,0.0001135312051,0.001458143161,0.003695198979,0.006442750553,0.02073493205
0.45,0.0001136237288,0.001458501487,0.003695382592,0.006422950986,0.0205423084
0.451,0.0001137163091,0.001458859828,0.003695573701,0.006403812038,0.02035039738
0.452,0.0001138089461,0.001459218182,0.003695772029,0.006385313912,0.0201592202
0.453,0.0001139016397,0.001459576549,0.003695977311,0.006367437275,0.01996879886
0.454,0.00011399439,0.001459934925,0.003696189292,0.006350163255,0.01977915611
0.455,0.0001140871969,0.00146029331,0.003696407724,0.006333473441,0.01959031546
0.456,0.0001141800605,0.001460651701,0.003696632371,0.006317349875,0.01940230117
0.457,0.0001142729807,0.001461010098,0.003696863002,0.006301775052,0.01921513822
0.458,0.0001143659575,0.001461368499,0.003697099398,0.006286731914,0.01902885235
0.459,0.0001144589911,0.001461726903,0.003697341345,0.006272203845,0.01884346998
0.46,0.0001145520813,0.001462085308,0.003697588639,0.006258174663,0.01865901826
0.461,0.0001146452281,0.001462443713,0.003697841081,0.00624462862,0.01847552499
0.462,0.0001147384316,0.001462802116,0.003698098482,0.006231550388,0.01829301863
0.463,0.0001148316918,0.001463160517,0.003698360657,0.006218925061,0.01811152827
0.464,0.0001149250087,0.001463518915,0.00369862743,0.006206738141,0.01793108359
0.465,0.0001150183823,0.001463877307,0.00369889863,0.006194975535,0.01775171485
0.466,0.0001151118126,0.001464235694,0.003699174093,0.006183623546,0.01757345281
0.467,0.0001152052996,0.001464594074,0.00369945366,0.006172668869,0.01739632874
0.468,0.0001152988432,0.001464952446,0.003699737179,0.006162098576,0.01722037434
0.469,0.0001153924436,0.001465310809,0.003700024502,0.006151900119,0.01704562173
0.47,0.0001154861007,0.001465669163,0.003700315488,0.006142061313,0.01687210335
0.471,0.0001155798145,0.001466027505,0.00370061,0.006132570333,0.01669985196
0.472,0.0001156735851,0.001466385837,0.003700907906,0.006123415704,0.01652890055
0.473,0.0001157674123,0.001466744156,0.003701209079,0.006114586296,0.0163592823
0.474,0.0001158612964,0.001467102462,0.003701513398,0.006106071313,0.0161910305
0.475,0.0001159552371,0.001467460754,0.003701820744,0.006097860286,0.0160241785
0.476,0.0001160492346,0.001467819031,0.003702131003,0.006089943068,0.01585875965
0.477,0.0001161432889,0.001468177293,0.003702444066,0.006082309822,0.0156948072
0.478,0.0001162374,0.001468535539,0.003702759828,0.006074951015,0.01553235427
0.479,0.0001163315678,0.001468893769,0.003703078186,0.006067857412,0.01537143376
0.48,0.0001164257924,0.00146925198,0.003703399043,0.006061020064,0.01521207824
0.481,0.0001165200738,0.001469610175,0.003703722304,0.006054430307,0.01505431995
0.482,0.0001166144119,0.00146996835,0.003704047878,0.006048079747,0.01489819066
0.483,0.0001167088069,0.001470326506,0.003704375677,0.006041960261,0.0147437216
0.484,0.0001168032587,0.001470684643,0.003704705618,0.006036063981,0.01459094343
0.485,0.0001168977673,0.001471042759,0.003705037617,0.006030383295,0.0144398861
0.486,0.0001169923327,0.001471400855,0.003705371598,0.006024910832,0.01429057882
0.487,0.0001170869549,0.00147175893,0.003705707483,0.006019639462,0.01414304997
0.488,0.000117181634,0.001472116982,0.003706045201,0.006014562287,0.01399732701
0.489,0.00011727637,0.001472475013,0.00370638468,0.006009672632,0.01385343643
0.49,0.0001173711627,0.001472833021,0.003706725854,0.006004964042,0.01371140368
0.491,0.0001174660124,0.001473191006,0.003707068656,0.006000430272,0.01357125308
0.492,0.0001175609189,0.001473548967,0.003707413024,0.005996065284,0.01343300777
0.493,0.0001176558822,0.001473906905,0.003707758897,0.005991863239,0.01329668963
0.494,0.0001177509025,0.001474264818,0.003708106217,0.005987818493,0.01316231928
0.495,0.0001178459796,0.001474622707,0.003708454928,0.005983925588,0.01302991593
0.496,0.0001179411137,0.001474980571,0.003708804974,0.005980179249,0.01289949741
0.497,0.0001180363046,0.001475338409,0.003709156305,0.005976574377,0.01277108009
0.498,0.0001181315525,0.001475696222,0.003709508868,0.005973106045,0.01264467884
0.499,0.0001182268573,0.001476054009,0.003709862617,0.005969769489,0.01252030699
0.5,0.000118322219,0.001476411769,0.003710217504,0.005966560109,0.0123979763
0.501,0.0001184176376,0.001476769503,0.003710573483,0.005963473458,0.01227769694
0.502,0.0001185131132,0.00147712721,0.003710930512,0.005960505242,0.01215947746
0.503,0.0001186086457,0.00147748489,0.003711288549,0.00595765131,0.01204332478
0.504,0.0001187042352,0.001477842543,0.003711647552,0.005954907654,0.01192924416
0.505,0.0001187998817,0.001478200168,0.003712007484,0.005952270403,0.01181723923
0.506,0.0001188955851,0.001478557765,0.003712368307,0.005949735816,0.01170731193
0.507,0.0001189913455,0.001478915333,0.003712729984,0.005947300282,0.01159946259
0.508,0.0001190871629,0.001479272874,0.003713092481,0.005944960315,0.01149368988
0.509,0.0001191830373,0.001479630385,0.003713455764,0.005942712545,0.01138999084
0.51,0.0001192789687,0.001479987868,0.003713819801,0.00594055372,0.01128836091
0.511,0.0001193749571,0.001480345322,0.00371418456,0.005938480702,0.01118879395
0.512,0.0001194710026,0.001480702746,0.003714550012,0.005936490458,0.01109128226
0.513,0.000119567105,0.001481060141,0.003714916128,0.005934580062,0.01099581662
0.514,0.0001196632645,0.001481417507,0.003715282879,0.005932746688,0.01090238633
0.515,0.0001197594811,0.001481774842,0.003715650239,0.005930987608,0.01081097923
0.516,0.0001198557547,0.001482132148,0.003716018183,0.005929300192,0.01072158178
0.517,0.0001199520853,0.001482489423,0.003716386684,0.005927681896,0.01063417907
0.518,0.0001200484731,0.001482846668,0.003716755719,0.005926130269,0.0105487549
0.519,0.0001201449179,0.001483203882,0.003717125265,0.005924642942,0.0104652918
0.52,0.0001202414198,0.001483561066,0.003717495299,0.005923217633,0.01038377112
0.521,0.0001203379788,0.001483918219,0.0037178658,0.005921852135,0.01030417307
0.522,0.0001204345948,0.001484275341,0.003718236747,0.005920544321,0.01022647677
0.523,0.000120531268,0.001484632432,0.00371860812,0.005919292138,0.01015066032
0.524,0.0001206279983,0.001484989492,0.0037189799,0.005918093604,0.01007670086
0.525,0.0001207247858,0.00148534652,0.003719352068,0.005916946808,0.01000457464
0.526,0.0001208216303,0.001485703517,0.003719724607,0.005915849905,0.009934257064
0.527,0.000120918532,0.001486060482,0.003720097498,0.005914801116,0.009865722756
0.528,0.0001210154909,0.001486417416,0.003720470726,0.005913798722,0.009798945637
0.529,0.0001211125069,0.001486774317,0.003720844275,0.005912841068,0.009733898972
0.53,0.0001212095801,0.001487131187,0.003721218128,0.005911926554,0.009670555437
0.531,0.0001213067104,0.001487488024,0.003721592272,0.00591105364,0.009608887179
0.532,0.0001214038979,0.00148784483,0.003721966691,0.005910220836,0.009548865874
0.533,0.0001215011426,0.001488201603,0.003722341373,0.005909426708,0.009490462788
0.534,0.0001215984445,0.001488558344,0.003722716303,0.005908669872,0.00943364883
0.535,0.0001216958036,0.001488915052,0.003723091469,0.005907948993,0.009378394612
0.536,0.00012179322,0.001489271728,0.003723466858,0.005907262781,0.009324670499
0.537,0.0001218906935,0.001489628372,0.003723842459,0.005906609994,0.009272446667
0.538,0.0001219882242,0.001489984982,0.00372421826,0.005905989434,0.009221693146
0.539,0.0001220858122,0.00149034156,0.00372459425,0.005905399945,0.009172379872
0.54,0.0001221834575,0.001490698105,0.003724970418,0.005904840411,0.009124476737
0.541,0.0001222811599,0.001491054617,0.003725346755,0.005904309757,0.009077953627
0.542,0.0001223789197,0.001491411095,0.003725723249,0.005903806946,0.009032780469
0.543,0.0001224767367,0.001491767541,0.003726099893,0.005903330977,0.008988927269
0.544,0.0001225746109,0.001492123954,0.003726476676,0.005902880885,0.008946364152
0.545,0.0001226725425,0.001492480333,0.003726853589,0.00590245574,0.008905061396
0.546,0.0001227705313,0.001492836679,0.003727230624,0.005902054643,0.008864989468
0.547,0.0001228685775,0.001493192992,0.003727607774,0.00590167673,0.008826119053
0.548,0.0001229666809,0.001493549271,0.003727985029,0.005901321165,0.008788421088
0.549,0.0001230648416,0.001493905517,0.003728362382,0.005900987144,0.008751866783
0.55,0.0001231630597,0.001494261729,0.003728739826,0.005900673889,0.008716427654
0.551,0.0001232613351,0.001494617907,0.003729117355,0.005900380653,0.008682075541
0.552,0.0001233596678,0.001494974052,0.00372949496,0.005900106714,0.008648782633
0.553,0.0001234580579,0.001495330164,0.003729872635,0.005899851374,0.008616521486
0.554,0.0001235565053,0.001495686241,0.003730250375,0.005899613963,0.00858526504
0.555,0.00012365501,0.001496042285,0.003730628172,0.005899393833,0.008554986638
0.556,0.0001237535721,0.001496398294,0.003731006022,0.00589919036,0.008525660038
0.557,0.0001238521916,0.00149675427,0.003731383918,0.005899002941,0.008497259428
0.558,0.0001239508685,0.001497110212,0.003731761854,0.005898830997,0.008469759434
0.559,0.0001240496027,0.00149746612,0.003732139827,0.005898673967,0.008443135135
0.56,0.0001241483944,0.001497821993,0.00373251783,0.005898531311,0.008417362064
0.561,0.0001242472434,0.001498177833,0.003732895858,0.00589840251,0.008392416221
0.562,0.0001243461498,0.001498533638,0.003733273908,0.00589828706,0.008368274078
0.563,0.0001244451137,0.00149888941,0.003733651973,0.005898184479,0.008344912581
0.564,0.000124544135,0.001499245147,0.003734030051,0.005898094299,0.008322309153
0.565,0.0001246432137,0.00149960085,0.003734408137,0.005898016071,0.008300441702
0.566,0.0001247423498,0.001499956518,0.003734786226,0.005897949361,0.008279288613
0.567,0.0001248415434,0.001500312152,0.003735164315,0.00589789375,0.008258828758
0.568,0.0001249407944,0.001500667752,0.003735542401,0.005897848835,0.008239041487
0.569,0.0001250401029,0.001501023317,0.003735920478,0.005897814227,0.008219906634
0.57,0.0001251394689,0.001501378848,0.003736298544,0.005897789552,0.008201404508
0.571,0.0001252388923,0.001501734345,0.003736676596,0.005897774448,0.008183515896
0.572,0.0001253383732,0.001502089807,0.00373705463,0.005897768565,0.008166222055
0.573,0.0001254379116,0.001502445234,0.003737432644,0.005897771569,0.008149504712
0.574,0.0001255375074,0.001502800627,0.003737810633,0.005897783135,0.008133346055
0.575,0.0001256371608,0.001503155985,0.003738188596,0.005897802951,0.008117728732
0.576,0.0001257368717,0.001503511309,0.003738566528,0.005897830715,0.008102635841
0.577,0.0001258366401,0.001503866597,0.003738944429,0.005897866137,0.00808805093
0.578,0.000125936466,0.001504221852,0.003739322295,0.005897908938,0.008073957985
0.579,0.0001260363494,0.001504577071,0.003739700123,0.005897958846,0.008060341426
0.58,0.0001261362904,0.001504932256,0.003740077911,0.005898015602,0.0080471861
0.581,0.0001262362889,0.001505287406,0.003740455657,0.005898078956,0.008034477273
0.582,0.0001263363449,0.001505642521,0.003740833359,0.005898148664,0.008022200625
0.583,0.0001264364586,0.001505997601,0.003741211014,0.005898224494,0.008010342238
0.584,0.0001265366297,0.001506352647,0.003741588621,0.005898306221,0.007998888593
0.585,0.0001266368585,0.001506707657,0.003741966176,0.005898393628,0.007987826559
0.586,0.0001267371448,0.001507062633,0.003742343679,0.005898486506,0.007977143385
0.587,0.0001268374886,0.001507417573,0.003742721128,0.005898584654,0.007966826697
0.588,0.0001269378901,0.001507772479,0.003743098521,0.005898687877,0.007956864481
0.589,0.0001270383492,0.00150812735,0.003743475855,0.005898795988,0.007947245084
0.59,0.0001271388659,0.001508482186,0.00374385313,0.005898908806,0.007937957201
0.591,0.0001272394401,0.001508836987,0.003744230343,0.005899026158,0.007928989866
0.592,0.000127340072,0.001509191752,0.003744607494,0.005899147876,0.007920332447
0.593,0.0001274407615,0.001509546483,0.00374498458,0.005899273797,0.007911974637
0.594,0.0001275415087,0.001509901178,0.003745361601,0.005899403766,0.007903906444
0.595,0.0001276423134,0.001510255839,0.003745738555,0.005899537632,0.007896118188
0.596,0.0001277431759,0.001510610464,0.00374611544,0.005899675251,0.007888600486
0.597,0.0001278440959,0.001510965054,0.003746492255,0.005899816482,0.00788134425
0.598,0.0001279450736,0.001511319609,0.003746869,0.005899961191,0.007874340677
0.599,0.000128046109,0.001511674129,0.003747245672,0.005900109248,0.007867581243
0.6,0.000128147202,0.001512028614,0.003747622271,0.005900260528,0.007861057692
0.601,0.0001282483527,0.001512383063,0.003747998796,0.00590041491,0.007854762033
0.602,0.0001283495611,0.001512737477,0.003748375245,0.005900572277,0.007848686528
0.603,0.0001284508272,0.001513091856,0.003748751618,0.005900732518,0.007842823691
0.604,0.0001285521509,0.0015134462,0.003749127913,0.005900895524,0.007837166275
0.605,0.0001286535324,0.001513800508,0.00374950413,0.005901061191,0.007831707268
0.606,0.0001287549715,0.001514154781,0.003749880267,0.005901229418,0.007826439885
0.607,0.0001288564684,0.001514509018,0.003750256325,0.005901400109,0.007821357566
0.608,0.000128958023,0.001514863221,0.003750632301,0.005901573169,0.00781645396
0.609,0.0001290596353,0.001515217387,0.003751008195,0.00590174851,0.00781172293
0.61,0.0001291613053,0.001515571519,0.003751384007,0.005901926044,0.007807158536
0.611,0.0001292630331,0.001515925615,0.003751759736,0.005902105688,0.007802755039
0.612,0.0001293648186,0.001516279676,0.00375213538,0.00590228736,0.007798506887
0.613,0.0001294666618,0.001516633701,0.003752510939,0.005902470983,0.007794408714
0.614,0.0001295685628,0.001516987691,0.003752886413,0.005902656482,0.00779045533
0.615,0.0001296705215,0.001517341645,0.003753261801,0.005902843785,0.007786641723
0.616,0.0001297725381,0.001517695564,0.003753637102,0.005903032821,0.007782963045
0.617,0.0001298746124,0.001518049447,0.003754012315,0.005903223525,0.007779414612
0.618,0.0001299767444,0.001518403295,0.003754387441,0.00590341583,0.007775991897
0.619,0.0001300789343,0.001518757107,0.003754762478,0.005903609675,0.007772690528
0.62,0.0001301811819,0.001519110883,0.003755137426,0.005903804999,0.007769506277
0.621,0.0001302834873,0.001519464625,0.003755512284,0.005904001745,0.007766435061
0.622,0.0001303858505,0.00151981833,0.003755887053,0.005904199856,0.007763472937
0.623,0.0001304882716,0.001520172,0.00375626173,0.005904399279,0.007760616094
0.624,0.0001305907504,0.001520525634,0.003756636317,0.005904599961,0.00775786085
0.625,0.000130693287,0.001520879233,0.003757010812,0.005904801852,0.007755203652
0.626,0.0001307958815,0.001521232796,0.003757385216,0.005905004904,0.007752641065
0.627,0.0001308985338,0.001521586323,0.003757759527,0.005905209071,0.007750169773
0.628,0.000131001244,0.001521939815,0.003758133745,0.005905414308,0.007747786574
0.629,0.0001311040119,0.001522293271,0.00375850787,0.005905620571,0.007745488375
0.63,0.0001312068377,0.001522646691,0.003758881902,0.005905827818,0.00774327219
0.631,0.0001313097214,0.001523000076,0.00375925584,0.00590603601,0.007741135136
0.632,0.0001314126629,0.001523353425,0.003759629684,0.005906245108,0.007739074429
0.633,0.0001315156623,0.001523706738,0.003760003433,0.005906455073,0.00773708738
0.634,0.0001316187195,0.001524060015,0.003760377088,0.005906665871,0.007735171396
0.635,0.0001317218347,0.001524413257,0.003760750647,0.005906877467,0.007733323971
0.636,0.0001318250077,0.001524766463,0.003761124111,0.005907089826,0.007731542686
0.637,0.0001319282385,0.001525119633,0.00376149748,0.005907302918,0.007729825207
0.638,0.0001320315273,0.001525472767,0.003761870752,0.00590751671,0.007728169281
0.639,0.000132134874,0.001525825865,0.003762243929,0.005907731172,0.007726572733
0.64,0.0001322382785,0.001526178928,0.003762617009,0.005907946277,0.007725033463
0.641,0.000132341741,0.001526531954,0.003762989992,0.005908161995,0.007723549445
0.642,0.0001324452613,0.001526884945,0.003763362878,0.0059083783,0.007722118723
0.643,0.0001325488396,0.0015272379,0.003763735668,0.005908595166,0.007720739411
0.644,0.0001326524758,0.001527590819,0.00376410836,0.005908812569,0.007719409686
0.645,0.0001327561699,0.001527943702,0.003764480954,0.005909030484,0.007718127791
0.646,0.000132859922,0.00152829655,0.003764853451,0.005909248887,0.00771689203
0.647,0.000132963732,0.001528649361,0.003765225849,0.005909467757,0.007715700765
0.648,0.0001330675999,0.001529002136,0.00376559815,0.005909687072,0.007714552417
0.649,0.0001331715258,0.001529354876,0.003765970352,0.005909906812,0.007713445462
0.65,0.0001332755096,0.001529707579,0.003766342456,0.005910126955,0.00771237843
0.651,0.0001333795514,0.001530060246,0.003766714462,0.005910347484,0.0077113499
0.652,0.0001334836511,0.001530412878,0.003767086368,0.005910568378,0.007710358504
0.653,0.0001335878088,0.001530765473,0.003767458176,0.005910789621,0.007709402921
0.654,0.0001336920245,0.001531118033,0.003767829885,0.005911011195,0.007708481877
0.655,0.0001337962981,0.001531470556,0.003768201494,0.005911233084,0.00770759414
0.656,0.0001339006298,0.001531823043,0.003768573004,0.005911455271,0.007706738526
0.657,0.0001340050194,0.001532175495,0.003768944415,0.00591167774,0.007705913888
0.658,0.000134109467,0.00153252791,0.003769315726,0.005911900478,0.007705119124
0.659,0.0001342139726,0.001532880289,0.003769686938,0.005912123469,0.007704353167
0.66,0.0001343185361,0.001533232632,0.00377005805,0.0059123467,0.00770361499
0.661,0.0001344231577,0.001533584939,0.003770429062,0.005912570157,0.007702903601
0.662,0.0001345278373,0.00153393721,0.003770799973,0.005912793827,0.007702218044
0.663,0.000134632575,0.001534289444,0.003771170785,0.005913017698,0.007701557396
0.664,0.0001347373706,0.001534641643,0.003771541497,0.005913241759,0.007700920767
0.665,0.0001348422242,0.001534993805,0.003771912108,0.005913465996,0.007700307299
0.666,0.0001349471359,0.001535345932,0.00377228262,0.005913690401,0.007699716162
0.667,0.0001350521056,0.001535698022,0.00377265303,0.00591391496,0.007699146559
0.668,0.0001351571334,0.001536050075,0.00377302334,0.005914139665,0.007698597719
0.669,0.0001352622192,0.001536402093,0.00377339355,0.005914364506,0.007698068898
0.67,0.000135367363,0.001536754074,0.003773763659,0.005914589472,0.00769755938
0.671,0.0001354725649,0.00153710602,0.003774133667,0.005914814554,0.007697068472
0.672,0.0001355778248,0.001537457929,0.003774503575,0.005915039745,0.007696595508
0.673,0.0001356831428,0.001537809801,0.003774873381,0.005915265034,0.007696139844
0.674,0.0001357885189,0.001538161638,0.003775243087,0.005915490413,0.007695700859
0.675,0.000135893953,0.001538513438,0.003775612692,0.005915715876,0.007695277956
0.676,0.0001359994452,0.001538865202,0.003775982196,0.005915941413,0.007694870556
0.677,0.0001361049954,0.001539216929,0.003776351599,0.005916167018,0.007694478103
0.678,0.0001362106038,0.00153956862,0.0037767209,0.005916392683,0.00769410006
0.679,0.0001363162702,0.001539920275,0.003777090101,0.005916618402,0.007693735908
0.68,0.0001364219947,0.001540271894,0.0037774592,0.005916844167,0.007693385149
0.681,0.0001365277774,0.001540623476,0.003777828198,0.005917069973,0.0076930473
0.682,0.0001366336181,0.001540975022,0.003778197095,0.005917295814,0.007692721896
0.683,0.0001367395169,0.001541326532,0.003778565891,0.005917521682,0.00769240849
0.684,0.0001368454738,0.001541678005,0.003778934585,0.005917747574,0.007692106649
0.685,0.0001369514888,0.001542029442,0.003779303177,0.005917973482,0.007691815956
0.686,0.0001370575619,0.001542380842,0.003779671669,0.005918199402,0.007691536009
0.687,0.0001371636932,0.001542732206,0.003780040059,0.005918425329,0.00769126642
0.688,0.0001372698826,0.001543083533,0.003780408347,0.005918651257,0.007691006815
0.689,0.0001373761301,0.001543434824,0.003780776534,0.005918877183,0.007690756835
0.69,0.0001374824357,0.001543786079,0.00378114462,0.0059191031,0.00769051613
0.691,0.0001375887995,0.001544137297,0.003781512603,0.005919329006,0.007690284365
0.692,0.0001376952214,0.001544488479,0.003781880486,0.005919554895,0.007690061217
0.693,0.0001378017014,0.001544839624,0.003782248267,0.005919780764,0.007689846375
0.694,0.0001379082396,0.001545190733,0.003782615946,0.005920006608,0.007689639536
0.695,0.0001380148359,0.001545541805,0.003782983523,0.005920232424,0.007689440411
0.696,0.0001381214904,0.001545892841,0.003783350999,0.005920458208,0.00768924872
0.697,0.000138228203,0.00154624384,0.003783718373,0.005920683956,0.007689064193
0.698,0.0001383349738,0.001546594802,0.003784085646,0.005920909666,0.007688886571
0.699,0.0001384418028,0.001546945728,0.003784452817,0.005921135333,0.007688715601
0.7,0.0001385486899,0.001547296618,0.003784819886,0.005921360955,0.007688551042
0.701,0.0001386556352,0.001547647471,0.003785186853,0.005921586529,0.007688392661
0.702,0.0001387626387,0.001547998287,0.003785553719,0.005921812051,0.007688240232
0.703,0.0001388697003,0.001548349067,0.003785920483,0.005922037519,0.007688093539
0.704,0.0001389768201,0.00154869981,0.003786287145,0.00592226293,0.007687952372
0.705,0.0001390839981,0.001549050516,0.003786653706,0.005922488282,0.00768781653
0.706,0.0001391912343,0.001549401186,0.003787020164,0.005922713571,0.007687685817
0.707,0.0001392985287,0.001549751819,0.003787386521,0.005922938796,0.007687560046
0.708,0.0001394058813,0.001550102416,0.003787752777,0.005923163954,0.007687439036
0.709,0.0001395132921,0.001550452976,0.00378811893,0.005923389043,0.007687322613
0.71,0.0001396207611,0.001550803499,0.003788484982,0.00592361406,0.007687210607
0.711,0.0001397282883,0.001551153986,0.003788850932,0.005923839004,0.007687102858
0.712,0.0001398358737,0.001551504436,0.00378921678,0.005924063872,0.007686999208
0.713,0.0001399435173,0.001551854849,0.003789582526,0.005924288663,0.007686899506
0.714,0.0001400512191,0.001552205225,0.003789948171,0.005924513374,0.007686803607
0.715,0.0001401589792,0.001552555565,0.003790313714,0.005924738005,0.007686711371
0.716,0.0001402667975,0.001552905868,0.003790679155,0.005924962552,0.007686622661
0.717,0.0001403746739,0.001553256134,0.003791044494,0.005925187015,0.007686537349
0.718,0.0001404826087,0.001553606363,0.003791409732,0.005925411391,0.007686455307
0.719,0.0001405906016,0.001553956556,0.003791774868,0.00592563568,0.007686376414
0.72,0.0001406986528,0.001554306712,0.003792139902,0.00592585988,0.007686300554
0.721,0.0001408067622,0.001554656831,0.003792504834,0.005926083988,0.007686227614
0.722,0.0001409149299,0.001555006913,0.003792869664,0.005926308005,0.007686157484
0.723,0.0001410231558,0.001555356959,0.003793234393,0.005926531928,0.00768609006
0.724,0.00014113144,0.001555706968,0.00379359902,0.005926755756,0.00768602524
0.725,0.0001412397824,0.001556056939,0.003793963545,0.005926979489,0.007685962928
0.726,0.000141348183,0.001556406874,0.003794327969,0.005927203124,0.007685903029
0.727,0.0001414566419,0.001556756772,0.00379469229,0.005927426661,0.007685845451
0.728,0.0001415651591,0.001557106634,0.00379505651,0.005927650098,0.007685790109
0.729,0.0001416737345,0.001557456458,0.003795420629,0.005927873434,0.007685736917
0.73,0.0001417823682,0.001557806245,0.003795784645,0.005928096669,0.007685685794
0.731,0.0001418910602,0.001558155996,0.00379614856,0.005928319802,0.007685636662
0.732,0.0001419998104,0.00155850571,0.003796512373,0.005928542831,0.007685589444
0.733,0.0001421086189,0.001558855386,0.003796876085,0.005928765755,0.007685544069
0.734,0.0001422174857,0.001559205026,0.003797239695,0.005928988574,0.007685500466
0.735,0.0001423264107,0.001559554629,0.003797603203,0.005929211287,0.007685458566
0.736,0.0001424353941,0.001559904195,0.003797966609,0.005929433893,0.007685418305
0.737,0.0001425444357,0.001560253724,0.003798329914,0.005929656391,0.00768537962
0.738,0.0001426535356,0.001560603216,0.003798693117,0.005929878781,0.007685342449
0.739,0.0001427626938,0.001560952671,0.003799056219,0.005930101061,0.007685306734
0.74,0.0001428719103,0.001561302088,0.003799419219,0.005930323231,0.007685272419
0.741,0.000142981185,0.001561651469,0.003799782117,0.00593054529,0.007685239449
0.742,0.0001430905181,0.001562000813,0.003800144914,0.005930767239,0.007685207771
0.743,0.0001431999095,0.00156235012,0.003800507609,0.005930989075,0.007685177335
0.744,0.0001433093592,0.00156269939,0.003800870203,0.005931210798,0.007685148093
0.745,0.0001434188671,0.001563048623,0.003801232695,0.005931432409,0.007685119996
0.746,0.0001435284334,0.001563397818,0.003801595085,0.005931653906,0.007685092999
0.747,0.000143638058,0.001563746977,0.003801957374,0.005931875288,0.007685067059
0.748,0.0001437477409,0.001564096099,0.003802319561,0.005932096556,0.007685042133
0.749,0.0001438574821,0.001564445183,0.003802681647,0.005932317708,0.007685018181
0.75,0.0001439672816,0.00156479423,0.003803043631,0.005932538745,0.007684995164
0.751,0.0001440771395,0.001565143241,0.003803405514,0.005932759666,0.007684973042
0.752,0.0001441870556,0.001565492214,0.003803767295,0.005932980469,0.007684951781
0.753,0.0001442970301,0.00156584115,0.003804128975,0.005933201156,0.007684931345
0.754,0.0001444070629,0.001566190049,0.003804490553,0.005933421726,0.007684911699
0.755,0.000144517154,0.00156653891,0.00380485203,0.005933642177,0.007684892811
0.756,0.0001446273035,0.001566887735,0.003805213406,0.005933862511,0.00768487465
0.757,0.0001447375113,0.001567236522,0.00380557468,0.005934082725,0.007684857185
0.758,0.0001448477774,0.001567585272,0.003805935853,0.005934302821,0.007684840387
0.759,0.0001449581019,0.001567933985,0.003806296924,0.005934522798,0.007684824227
0.76,0.0001450684847,0.001568282661,0.003806657894,0.005934742655,0.007684808679
0.761,0.0001451789258,0.0015686313,0.003807018762,0.005934962392,0.007684793715
0.762,0.0001452894253,0.001568979901,0.003807379529,0.005935182009,0.007684779311
0.763,0.0001453999831,0.001569328465,0.003807740195,0.005935401505,0.007684765442
0.764,0.0001455105992,0.001569676992,0.003808100759,0.005935620881,0.007684752084
0.765,0.0001456212737,0.001570025481,0.003808461223,0.005935840136,0.007684739215
0.766,0.0001457320066,0.001570373934,0.003808821584,0.005936059269,0.007684726813
0.767,0.0001458427978,0.001570722349,0.003809181845,0.005936278281,0.007684714857
0.768,0.0001459536473,0.001571070726,0.003809542004,0.005936497171,0.007684703325
0.769,0.0001460645552,0.001571419067,0.003809902062,0.00593671594,0.0076846922
0.77,0.0001461755215,0.00157176737,0.003810262019,0.005936934586,0.007684681461
0.771,0.0001462865461,0.001572115635,0.003810621875,0.00593715311,0.007684671091
0.772,0.0001463976291,0.001572463864,0.003810981629,0.005937371511,0.007684661072
0.773,0.0001465087704,0.001572812055,0.003811341282,0.005937589789,0.007684651386
0.774,0.0001466199701,0.001573160209,0.003811700834,0.005937807945,0.007684642018
0.775,0.0001467312282,0.001573508325,0.003812060285,0.005938025978,0.007684632952
0.776,0.0001468425446,0.001573856404,0.003812419634,0.005938243887,0.007684624172
0.777,0.0001469539194,0.001574204446,0.003812778883,0.005938461673,0.007684615664
0.778,0.0001470653525,0.00157455245,0.00381313803,0.005938679335,0.007684607414
0.779,0.0001471768441,0.001574900417,0.003813497076,0.005938896874,0.007684599408
0.78,0.000147288394,0.001575248346,0.003813856022,0.005939114289,0.007684591633
0.781,0.0001474000022,0.001575596238,0.003814214866,0.00593933158,0.007684584076
0.782,0.0001475116689,0.001575944093,0.003814573609,0.005939548747,0.007684576724
0.783,0.0001476233939,0.00157629191,0.003814932251,0.00593976579,0.007684569568
0.784,0.0001477351773,0.00157663969,0.003815290792,0.005939982708,0.007684562594
0.785,0.000147847019,0.001576987432,0.003815649231,0.005940199502,0.007684555791
0.786,0.0001479589192,0.001577335136,0.00381600757,0.005940416172,0.007684549151
0.787,0.0001480708777,0.001577682804,0.003816365808,0.005940632717,0.007684542661
0.788,0.0001481828946,0.001578030433,0.003816723945,0.005940849137,0.007684536313
0.789,0.0001482949699,0.001578378026,0.003817081981,0.005941065433,0.007684530097
0.79,0.0001484071036,0.00157872558,0.003817439916,0.005941281604,0.007684524003
0.791,0.0001485192956,0.001579073098,0.00381779775,0.00594149765,0.007684518023
0.792,0.0001486315461,0.001579420577,0.003818155483,0.00594171357,0.007684512149
0.793,0.0001487438549,0.001579768019,0.003818513116,0.005941929366,0.007684506372
0.794,0.0001488562221,0.001580115424,0.003818870647,0.005942145037,0.007684500685
0.795,0.0001489686477,0.001580462791,0.003819228078,0.005942360582,0.007684495079
0.796,0.0001490811317,0.001580810121,0.003819585407,0.005942576002,0.007684489548
0.797,0.0001491936741,0.001581157412,0.003819942636,0.005942791297,0.007684484085
0.798,0.0001493062749,0.001581504667,0.003820299764,0.005943006466,0.007684478682
0.799,0.0001494189341,0.001581851883,0.003820656792,0.00594322151,0.007684473333
0.8,0.0001495316517,0.001582199062,0.003821013718,0.005943436429,0.007684468032
0.801,0.0001496444276,0.001582546204,0.003821370544,0.005943651222,0.007684462772
0.802,0.000149757262,0.001582893308,0.003821727269,0.00594386589,0.007684457549
0.803,0.0001498701547,0.001583240374,0.003822083893,0.005944080431,0.007684452355
0.804,0.0001499831059,0.001583587402,0.003822440416,0.005944294848,0.007684447186
0.805,0.0001500961154,0.001583934393,0.003822796839,0.005944509138,0.007684442037
0.806,0.0001502091834,0.001584281346,0.003823153161,0.005944723303,0.007684436902
0.807,0.0001503223097,0.001584628262,0.003823509383,0.005944937343,0.007684431776
0.808,0.0001504354945,0.00158497514,0.003823865504,0.005945151256,0.007684426655
0.809,0.0001505487376,0.00158532198,0.003824221524,0.005945365044,0.007684421534
0.81,0.0001506620392,0.001585668782,0.003824577443,0.005945578706,0.007684416409
0.811,0.0001507753991,0.001586015547,0.003824933262,0.005945792242,0.007684411276
0.812,0.0001508888175,0.001586362274,0.00382528898,0.005946005653,0.00768440613
0.813,0.0001510022942,0.001586708963,0.003825644598,0.005946218937,0.007684400968
0.814,0.0001511158294,0.001587055614,0.003826000115,0.005946432096,0.007684395785
0.815,0.000151229423,0.001587402228,0.003826355532,0.005946645129,0.007684390579
0.816,0.0001513430749,0.001587748804,0.003826710848,0.005946858036,0.007684385345
0.817,0.0001514567853,0.001588095342,0.003827066064,0.005947070817,0.00768438008
0.818,0.0001515705541,0.001588441842,0.003827421179,0.005947283472,0.007684374782
0.819,0.0001516843813,0.001588788305,0.003827776194,0.005947496002,0.007684369446
0.82,0.0001517982669,0.00158913473,0.003828131108,0.005947708405,0.00768436407
0.821,0.0001519122108,0.001589481117,0.003828485921,0.005947920683,0.007684358652
0.822,0.0001520262133,0.001589827466,0.003828840635,0.005948132834,0.007684353187
0.823,0.0001521402741,0.001590173777,0.003829195248,0.00594834486,0.007684347673
0.824,0.0001522543933,0.001590520051,0.00382954976,0.00594855676,0.007684342109
0.825,0.0001523685709,0.001590866286,0.003829904172,0.005948768534,0.00768433649
0.826,0.0001524828069,0.001591212484,0.003830258484,0.005948980182,0.007684330816
0.827,0.0001525971014,0.001591558644,0.003830612695,0.005949191705,0.007684325083
0.828,0.0001527114542,0.001591904766,0.003830966806,0.005949403101,0.007684319289
0.829,0.0001528258655,0.00159225085,0.003831320817,0.005949614372,0.007684313432
0.83,0.0001529403351,0.001592596896,0.003831674728,0.005949825516,0.007684307511
0.831,0.0001530548632,0.001592942904,0.003832028538,0.005950036535,0.007684301522
0.832,0.0001531694497,0.001593288874,0.003832382248,0.005950247428,0.007684295464
0.833,0.0001532840946,0.001593634807,0.003832735857,0.005950458196,0.007684289336
0.834,0.0001533987979,0.001593980701,0.003833089367,0.005950668837,0.007684283134
0.835,0.0001535135596,0.001594326558,0.003833442776,0.005950879353,0.007684276859
0.836,0.0001536283797,0.001594672376,0.003833796085,0.005951089742,0.007684270507
0.837,0.0001537432582,0.001595018157,0.003834149294,0.005951300007,0.007684264078
0.838,0.0001538581951,0.0015953639,0.003834502402,0.005951510145,0.00768425757
0.839,0.0001539731904,0.001595709604,0.003834855411,0.005951720157,0.00768425098
0.84,0.0001540882442,0.001596055271,0.003835208319,0.005951930044,0.007684244309
0.841,0.0001542033563,0.001596400899,0.003835561128,0.005952139806,0.007684237554
0.842,0.0001543185269,0.00159674649,0.003835913836,0.005952349441,0.007684230715
0.843,0.0001544337558,0.001597092042,0.003836266444,0.005952558951,0.007684223789
0.844,0.0001545490432,0.001597437557,0.003836618952,0.005952768335,0.007684216776
0.845,0.000154664389,0.001597783034,0.00383697136,0.005952977594,0.007684209674
0.846,0.0001547797932,0.001598128472,0.003837323668,0.005953186726,0.007684202482
0.847,0.0001548952557,0.001598473872,0.003837675875,0.005953395734,0.0076841952
0.848,0.0001550107767,0.001598819235,0.003838027983,0.005953604616,0.007684187826
0.849,0.0001551263561,0.001599164559,0.003838379991,0.005953813372,0.007684180359
0.85,0.0001552419939,0.001599509845,0.003838731899,0.005954022003,0.007684172798
0.851,0.0001553576901,0.001599855093,0.003839083707,0.005954230508,0.007684165142
0.852,0.0001554734447,0.001600200303,0.003839435415,0.005954438888,0.007684157391
0.853,0.0001555892577,0.001600545475,0.003839787023,0.005954647142,0.007684149542
0.854,0.0001557051291,0.001600890608,0.003840138532,0.005954855271,0.007684141597
0.855,0.0001558210589,0.001601235704,0.00384048994,0.005955063274,0.007684133553
0.856,0.0001559370471,0.001601580761,0.003840841248,0.005955271152,0.00768412541
0.857,0.0001560530937,0.001601925781,0.003841192457,0.005955478905,0.007684117167
0.858,0.0001561691987,0.001602270762,0.003841543566,0.005955686533,0.007684108824
0.859,0.0001562853621,0.001602615705,0.003841894575,0.005955894035,0.007684100379
0.86,0.0001564015839,0.001602960609,0.003842245484,0.005956101412,0.007684091833
0.861,0.0001565178641,0.001603305476,0.003842596293,0.005956308663,0.007684083184
0.862,0.0001566342027,0.001603650304,0.003842947003,0.00595651579,0.007684074432
0.863,0.0001567505996,0.001603995094,0.003843297613,0.005956722791,0.007684065576
0.864,0.000156867055,0.001604339846,0.003843648123,0.005956929667,0.007684056616
0.865,0.0001569835688,0.00160468456,0.003843998533,0.005957136418,0.00768404755
0.866,0.0001571001409,0.001605029235,0.003844348844,0.005957343044,0.00768403838
0.867,0.0001572167715,0.001605373872,0.003844699055,0.005957549544,0.007684029103
0.868,0.0001573334604,0.001605718471,0.003845049166,0.00595775592,0.00768401972
0.869,0.0001574502077,0.001606063032,0.003845399178,0.005957962171,0.007684010231
0.87,0.0001575670135,0.001606407554,0.00384574909,0.005958168297,0.007684000633
0.871,0.0001576838776,0.001606752039,0.003846098902,0.005958374297,0.007683990928
0.872,0.0001578008001,0.001607096484,0.003846448615,0.005958580173,0.007683981115
0.873,0.0001579177809,0.001607440892,0.003846798229,0.005958785924,0.007683971194
0.874,0.0001580348202,0.001607785261,0.003847147742,0.00595899155,0.007683961163
0.875,0.0001581519178,0.001608129592,0.003847497156,0.005959197051,0.007683951023
0.876,0.0001582690738,0.001608473885,0.003847846471,0.005959402428,0.007683940773
0.877,0.0001583862882,0.001608818139,0.003848195686,0.005959607679,0.007683930414
0.878,0.000158503561,0.001609162355,0.003848544801,0.005959812806,0.007683919943
0.879,0.0001586208922,0.001609506532,0.003848893817,0.005960017808,0.007683909363
0.88,0.0001587382817,0.001609850671,0.003849242734,0.005960222685,0.007683898671
0.881,0.0001588557296,0.001610194772,0.003849591551,0.005960427438,0.007683887868
0.882,0.0001589732359,0.001610538835,0.003849940269,0.005960632066,0.007683876953
0.883,0.0001590908006,0.001610882859,0.003850288887,0.00596083657,0.007683865927
0.884,0.0001592084236,0.001611226844,0.003850637406,0.005961040949,0.007683854789
0.885,0.000159326105,0.001611570791,0.003850985825,0.005961245203,0.007683843538
0.886,0.0001594438447,0.0016119147,0.003851334146,0.005961449333,0.007683832175
0.887,0.0001595616429,0.001612258571,0.003851682366,0.005961653339,0.007683820699
0.888,0.0001596794993,0.001612602403,0.003852030488,0.00596185722,0.00768380911
0.889,0.0001597974142,0.001612946196,0.00385237851,0.005962060976,0.007683797408
0.89,0.0001599153874,0.001613289951,0.003852726433,0.005962264609,0.007683785593
0.891,0.000160033419,0.001613633668,0.003853074256,0.005962468117,0.007683773664
0.892,0.0001601515089,0.001613977346,0.00385342198,0.0059626715,0.007683761622
0.893,0.0001602696572,0.001614320985,0.003853769605,0.005962874759,0.007683749465
0.894,0.0001603878639,0.001614664587,0.003854117131,0.005963077895,0.007683737195
0.895,0.0001605061288,0.001615008149,0.003854464557,0.005963280905,0.00768372481
0.896,0.0001606244522,0.001615351673,0.003854811885,0.005963483792,0.007683712311
0.897,0.0001607428339,0.001615695159,0.003855159113,0.005963686555,0.007683699697
0.898,0.0001608612739,0.001616038606,0.003855506242,0.005963889193,0.007683686969
0.899,0.0001609797723,0.001616382015,0.003855853271,0.005964091708,0.007683674126
0.9,0.0001610983291,0.001616725385,0.003856200202,0.005964294098,0.007683661168
0.901,0.0001612169441,0.001617068716,0.003856547034,0.005964496364,0.007683648096
0.902,0.0001613356176,0.001617412009,0.003856893766,0.005964698507,0.007683634908
0.903,0.0001614543493,0.001617755264,0.003857240399,0.005964900525,0.007683621605
0.904,0.0001615731394,0.001618098479,0.003857586934,0.005965102419,0.007683608187
0.905,0.0001616919878,0.001618441657,0.003857933369,0.00596530419,0.007683594653
0.906,0.0001618108946,0.001618784795,0.003858279705,0.005965505837,0.007683581004
0.907,0.0001619298597,0.001619127895,0.003858625942,0.00596570736,0.007683567239
0.908,0.0001620488831,0.001619470957,0.00385897208,0.005965908759,0.007683553359
0.909,0.0001621679648,0.001619813979,0.003859318119,0.005966110034,0.007683539363
0.91,0.0001622871049,0.001620156964,0.003859664059,0.005966311186,0.007683525251
0.911,0.0001624063033,0.001620499909,0.003860009901,0.005966512214,0.007683511024
0.912,0.00016252556,0.001620842816,0.003860355643,0.005966713118,0.00768349668
0.913,0.000162644875,0.001621185684,0.003860701286,0.005966913899,0.007683482221
0.914,0.0001627642484,0.001621528514,0.003861046831,0.005967114556,0.007683467645
0.915,0.00016288368,0.001621871305,0.003861392276,0.00596731509,0.007683452954
0.916,0.00016300317,0.001622214057,0.003861737623,0.0059675155,0.007683438146
0.917,0.0001631227183,0.00162255677,0.003862082871,0.005967715787,0.007683423222
0.918,0.0001632423248,0.001622899445,0.00386242802,0.00596791595,0.007683408182
0.919,0.0001633619897,0.001623242081,0.00386277307,0.00596811599,0.007683393026
0.92,0.0001634817129,0.001623584679,0.003863118021,0.005968315906,0.007683377754
0.921,0.0001636014944,0.001623927238,0.003863462874,0.005968515699,0.007683362365
0.922,0.0001637213342,0.001624269758,0.003863807628,0.005968715369,0.00768334686
0.923,0.0001638412322,0.001624612239,0.003864152283,0.005968914916,0.007683331238
0.924,0.0001639611886,0.001624954681,0.003864496839,0.005969114339,0.007683315501
0.925,0.0001640812033,0.001625297085,0.003864841296,0.005969313639,0.007683299646
0.926,0.0001642012762,0.00162563945,0.003865185655,0.005969512816,0.007683283676
0.927,0.0001643214074,0.001625981776,0.003865529916,0.00596971187,0.007683267589
0.928,0.0001644415969,0.001626324064,0.003865874077,0.005969910801,0.007683251385
0.929,0.0001645618447,0.001626666312,0.00386621814,0.005970109608,0.007683235065
0.93,0.0001646821507,0.001627008522,0.003866562104,0.005970308293,0.007683218629
0.931,0.0001648025151,0.001627350693,0.00386690597,0.005970506854,0.007683202076
0.932,0.0001649229377,0.001627692825,0.003867249737,0.005970705293,0.007683185407
0.933,0.0001650434185,0.001628034919,0.003867593405,0.005970903609,0.007683168621
0.934,0.0001651639577,0.001628376973,0.003867936975,0.005971101802,0.007683151719
0.935,0.0001652845551,0.001628718989,0.003868280446,0.005971299872,0.0076831347
0.936,0.0001654052107,0.001629060966,0.003868623819,0.005971497819,0.007683117564
0.937,0.0001655259246,0.001629402904,0.003868967093,0.005971695643,0.007683100313
0.938,0.0001656466968,0.001629744803,0.003869310269,0.005971893345,0.007683082944
0.939,0.0001657675272,0.001630086664,0.003869653346,0.005972090923,0.00768306546
0.94,0.0001658884158,0.001630428485,0.003869996325,0.00597228838,0.007683047859
0.941,0.0001660093627,0.001630770267,0.003870339205,0.005972485713,0.007683030141
0.942,0.0001661303679,0.001631112011,0.003870681987,0.005972682924,0.007683012307
0.943,0.0001662514312,0.001631453716,0.00387102467,0.005972880012,0.007682994356
0.944,0.0001663725529,0.001631795382,0.003871367255,0.005973076978,0.007682976289
0.945,0.0001664937327,0.001632137009,0.003871709742,0.005973273821,0.007682958106
0.946,0.0001666149708,0.001632478597,0.00387205213,0.005973470542,0.007682939806
0.947,0.0001667362671,0.001632820146,0.00387239442,0.00597366714,0.00768292139
0.948,0.0001668576216,0.001633161656,0.003872736611,0.005973863616,0.007682902858
0.949,0.0001669790343,0.001633503127,0.003873078705,0.00597405997,0.007682884209
0.95,0.0001671005053,0.001633844559,0.003873420699,0.005974256201,0.007682865444
0.951,0.0001672220345,0.001634185952,0.003873762596,0.00597445231,0.007682846562
0.952,0.0001673436218,0.001634527306,0.003874104394,0.005974648296,0.007682827565
0.953,0.0001674652674,0.001634868622,0.003874446095,0.005974844161,0.007682808451
0.954,0.0001675869712,0.001635209898,0.003874787696,0.005975039903,0.00768278922
0.955,0.0001677087332,0.001635551135,0.0038751292,0.005975235523,0.007682769874
0.956,0.0001678305534,0.001635892333,0.003875470605,0.005975431021,0.007682750411
0.957,0.0001679524318,0.001636233493,0.003875811913,0.005975626396,0.007682730832
0.958,0.0001680743683,0.001636574613,0.003876153122,0.00597582165,0.007682711137
0.959,0.0001681963631,0.001636915694,0.003876494233,0.005976016782,0.007682691326
0.96,0.000168318416,0.001637256736,0.003876835245,0.005976211791,0.007682671399
0.961,0.0001684405271,0.001637597739,0.00387717616,0.005976406679,0.007682651356
0.962,0.0001685626964,0.001637938703,0.003877516977,0.005976601445,0.007682631197
0.963,0.0001686849239,0.001638279628,0.003877857695,0.005976796089,0.007682610921
0.964,0.0001688072095,0.001638620514,0.003878198315,0.005976990611,0.00768259053
0.965,0.0001689295533,0.001638961361,0.003878538838,0.005977185011,0.007682570023
0.966,0.0001690519553,0.001639302168,0.003878879262,0.005977379289,0.0076825494
0.967,0.0001691744154,0.001639642937,0.003879219588,0.005977573446,0.007682528661
0.968,0.0001692969336,0.001639983666,0.003879559816,0.00597776748,0.007682507806
0.969,0.0001694195101,0.001640324357,0.003879899947,0.005977961394,0.007682486835
0.97,0.0001695421446,0.001640665008,0.003880239979,0.005978155185,0.007682465749
0.971,0.0001696648373,0.00164100562,0.003880579913,0.005978348855,0.007682444546
0.972,0.0001697875882,0.001641346193,0.00388091975,0.005978542403,0.007682423228
0.973,0.0001699103971,0.001641686727,0.003881259488,0.00597873583,0.007682401795
0.974,0.0001700332642,0.001642027221,0.003881599129,0.005978929135,0.007682380246
0.975,0.0001701561895,0.001642367677,0.003881938671,0.005979122319,0.007682358581
0.976,0.0001702791728,0.001642708093,0.003882278116,0.005979315381,0.0076823368
0.977,0.0001704022143,0.00164304847,0.003882617463,0.005979508322,0.007682314904
0.978,0.0001705253139,0.001643388808,0.003882956712,0.005979701142,0.007682292892
0.979,0.0001706484716,0.001643729107,0.003883295863,0.00597989384,0.007682270765
0.98,0.0001707716874,0.001644069367,0.003883634917,0.005980086417,0.007682248523
0.981,0.0001708949613,0.001644409587,0.003883973872,0.005980278872,0.007682226165
0.982,0.0001710182933,0.001644749768,0.00388431273,0.005980471207,0.007682203692
0.983,0.0001711416834,0.00164508991,0.003884651491,0.00598066342,0.007682181103
0.984,0.0001712651316,0.001645430013,0.003884990153,0.005980855512,0.007682158399
0.985,0.0001713886379,0.001645770076,0.003885328718,0.005981047482,0.00768213558
0.986,0.0001715122022,0.0016461101,0.003885667185,0.005981239332,0.007682112646
0.987,0.0001716358247,0.001646450085,0.003886005554,0.005981431061,0.007682089596
0.988,0.0001717595052,0.001646790031,0.003886343825,0.005981622668,0.007682066432
0.989,0.0001718832437,0.001647129937,0.003886681999,0.005981814155,0.007682043152
0.99,0.0001720070404,0.001647469804,0.003887020076,0.00598200552,0.007682019757
0.991,0.0001721308951,0.001647809632,0.003887358054,0.005982196765,0.007681996247
0.992,0.0001722548079,0.00164814942,0.003887695935,0.005982387889,0.007681972622
0.993,0.0001723787787,0.00164848917,0.003888033719,0.005982578892,0.007681948882
0.994,0.0001725028075,0.00164882888,0.003888371405,0.005982769774,0.007681925028
0.995,0.0001726268944,0.00164916855,0.003888708993,0.005982960535,0.007681901058
0.996,0.0001727510394,0.001649508181,0.003889046484,0.005983151176,0.007681876974
0.997,0.0001728752423,0.001649847773,0.003889383877,0.005983341696,0.007681852774
0.998,0.0001729995033,0.001650187326,0.003889721173,0.005983532095,0.007681828461
0.999,0.0001731238224,0.001650526839,0.003890058371,0.005983722373,0.007681804032
1,0.0001732481994,0.001650866313,0.003890395472,0.005983912531,0.007681779489
1.001,0.0001733726345,0.001651205747,0.003890732476,0.005984102568,0.007681754831
1.002,0.0001734971276,0.001651545142,0.003891069382,0.005984292485,0.007681730058
1.003,0.0001736216786,0.001651884498,0.00389140619,0.005984482281,0.007681705171
1.004,0.0001737462877,0.001652223815,0.003891742901,0.005984671957,0.00768168017
1.005,0.0001738709548,0.001652563091,0.003892079515,0.005984861512,0.007681655054
1.006,0.0001739956799,0.001652902329,0.003892416031,0.005985050947,0.007681629823
1.007,0.0001741204629,0.001653241527,0.00389275245,0.005985240261,0.007681604478
1.008,0.000174245304,0.001653580686,0.003893088772,0.005985429455,0.007681579019
1.009,0.000174370203,0.001653919805,0.003893424996,0.005985618529,0.007681553446
1.01,0.00017449516,0.001654258885,0.003893761123,0.005985807482,0.007681527758
1.011,0.000174620175,0.001654597925,0.003894097153,0.005985996315,0.007681501956
1.012,0.0001747452479,0.001654936926,0.003894433085,0.005986185028,0.00768147604
1.013,0.0001748703788,0.001655275888,0.00389476892,0.005986373621,0.00768145001
1.014,0.0001749955676,0.00165561481,0.003895104658,0.005986562094,0.007681423866
1.015,0.0001751208144,0.001655953692,0.003895440299,0.005986750446,0.007681397607
1.016,0.0001752461191,0.001656292536,0.003895775843,0.005986938679,0.007681371235
1.017,0.0001753714818,0.001656631339,0.003896111289,0.005987126791,0.007681344749
1.018,0.0001754969024,0.001656970103,0.003896446638,0.005987314784,0.007681318149
1.019,0.0001756223809,0.001657308828,0.00389678189,0.005987502656,0.007681291435
1.02,0.0001757479174,0.001657647513,0.003897117045,0.005987690409,0.007681264607
1.021,0.0001758735118,0.001657986158,0.003897452103,0.005987878041,0.007681237665
1.022,0.000175999164,0.001658324765,0.003897787063,0.005988065554,0.00768121061
1.023,0.0001761248742,0.001658663331,0.003898121927,0.005988252947,0.007681183441
1.024,0.0001762506423,0.001659001858,0.003898456693,0.00598844022,0.007681156158
1.025,0.0001763764683,0.001659340345,0.003898791363,0.005988627373,0.007681128762
1.026,0.0001765023522,0.001659678793,0.003899125935,0.005988814407,0.007681101252
1.027,0.000176628294,0.001660017202,0.00389946041,0.005989001321,0.007681073628
1.028,0.0001767542936,0.00166035557,0.003899794789,0.005989188115,0.007681045892
1.029,0.0001768803512,0.0016606939,0.00390012907,0.00598937479,0.007681018041
1.03,0.0001770064666,0.001661032189,0.003900463255,0.005989561345,0.007680990077
1.031,0.0001771326398,0.001661370439,0.003900797342,0.00598974778,0.007680962
1.032,0.000177258871,0.001661708649,0.003901131332,0.005989934096,0.00768093381
1.033,0.0001773851599,0.00166204682,0.003901465226,0.005990120292,0.007680905506
1.034,0.0001775115068,0.001662384951,0.003901799023,0.005990306369,0.007680877089
1.035,0.0001776379114,0.001662723043,0.003902132722,0.005990492327,0.007680848559
1.036,0.0001777643739,0.001663061095,0.003902466325,0.005990678165,0.007680819916
1.037,0.0001778908943,0.001663399107,0.003902799831,0.005990863884,0.00768079116
1.038,0.0001780174725,0.00166373708,0.00390313324,0.005991049483,0.00768076229
1.039,0.0001781441084,0.001664075013,0.003903466553,0.005991234963,0.007680733308
1.04,0.0001782708022,0.001664412906,0.003903799768,0.005991420324,0.007680704213
1.041,0.0001783975539,0.00166475076,0.003904132887,0.005991605566,0.007680675004
1.042,0.0001785243633,0.001665088574,0.003904465909,0.005991790688,0.007680645683
1.043,0.0001786512305,0.001665426348,0.003904798834,0.005991975691,0.007680616249
1.044,0.0001787781555,0.001665764083,0.003905131663,0.005992160575,0.007680586703
1.045,0.0001789051383,0.001666101778,0.003905464395,0.00599234534,0.007680557043
1.046,0.0001790321789,0.001666439433,0.00390579703,0.005992529986,0.007680527271
1.047,0.0001791592772,0.001666777049,0.003906129568,0.005992714513,0.007680497386
1.048,0.0001792864334,0.001667114624,0.00390646201,0.005992898921,0.007680467388
1.049,0.0001794136473,0.00166745216,0.003906794355,0.005993083211,0.007680437278
1.05,0.0001795409189,0.001667789657,0.003907126603,0.005993267381,0.007680407056
1.051,0.0001796682483,0.001668127113,0.003907458755,0.005993451432,0.007680376721
1.052,0.0001797956355,0.00166846453,0.00390779081,0.005993635364,0.007680346273
1.053,0.0001799230803,0.001668801908,0.003908122769,0.005993819178,0.007680315713
1.054,0.000180050583,0.001669139245,0.003908454631,0.005994002873,0.007680285041
1.055,0.0001801781433,0.001669476542,0.003908786396,0.005994186449,0.007680254257
1.056,0.0001803057614,0.0016698138,0.003909118065,0.005994369906,0.00768022336
1.057,0.0001804334372,0.001670151018,0.003909449637,0.005994553245,0.007680192351
1.058,0.0001805611706,0.001670488197,0.003909781113,0.005994736465,0.007680161229
1.059,0.0001806889618,0.001670825335,0.003910112493,0.005994919566,0.007680129996
1.06,0.0001808168107,0.001671162434,0.003910443776,0.005995102549,0.007680098651
1.061,0.0001809447173,0.001671499493,0.003910774962,0.005995285413,0.007680067193
1.062,0.0001810726816,0.001671836512,0.003911106052,0.005995468159,0.007680035624
1.063,0.0001812007035,0.001672173491,0.003911437046,0.005995650786,0.007680003942
1.064,0.0001813287832,0.00167251043,0.003911767943,0.005995833295,0.007679972149
1.065,0.0001814569205,0.00167284733,0.003912098744,0.005996015685,0.007679940244
1.066,0.0001815851154,0.00167318419,0.003912429448,0.005996197957,0.007679908227
1.067,0.000181713368,0.00167352101,0.003912760056,0.005996380111,0.007679876098
1.068,0.0001818416783,0.00167385779,0.003913090568,0.005996562147,0.007679843857
1.069,0.0001819700461,0.00167419453,0.003913420983,0.005996744064,0.007679811505
1.07,0.0001820984717,0.00167453123,0.003913751302,0.005996925863,0.007679779041
1.071,0.0001822269548,0.00167486789,0.003914081525,0.005997107543,0.007679746465
1.072,0.0001823554956,0.001675204511,0.003914411652,0.005997289106,0.007679713778
1.073,0.000182484094,0.001675541092,0.003914741682,0.00599747055,0.007679680979
1.074,0.00018261275,0.001675877632,0.003915071616,0.005997651876,0.007679648069
1.075,0.0001827414636,0.001676214133,0.003915401454,0.005997833084,0.007679615048
1.076,0.0001828702348,0.001676550594,0.003915731195,0.005998014175,0.007679581915
1.077,0.0001829990636,0.001676887015,0.003916060841,0.005998195147,0.00767954867
1.078,0.0001831279499,0.001677223396,0.00391639039,0.005998376001,0.007679515315
1.079,0.0001832568939,0.001677559737,0.003916719843,0.005998556737,0.007679481848
1.08,0.0001833858954,0.001677896038,0.0039170492,0.005998737355,0.00767944827
1.081,0.0001835149544,0.0016782323,0.003917378461,0.005998917856,0.007679414581
1.082,0.0001836440711,0.001678568521,0.003917707626,0.005999098238,0.00767938078
1.083,0.0001837732452,0.001678904702,0.003918036694,0.005999278503,0.007679346869
1.084,0.000183902477,0.001679240844,0.003918365667,0.00599945865,0.007679312846
1.085,0.0001840317662,0.001679576945,0.003918694543,0.005999638679,0.007679278713
1.086,0.000184161113,0.001679913007,0.003919023324,0.005999818591,0.007679244468
1.087,0.0001842905173,0.001680249028,0.003919352008,0.005999998385,0.007679210113
1.088,0.0001844199791,0.001680585009,0.003919680597,0.006000178061,0.007679175647
1.089,0.0001845494984,0.001680920951,0.003920009089,0.00600035762,0.00767914107
1.09,0.0001846790753,0.001681256852,0.003920337485,0.006000537061,0.007679106382
1.091,0.0001848087096,0.001681592714,0.003920665786,0.006000716384,0.007679071583
1.092,0.0001849384014,0.001681928535,0.00392099399,0.006000895591,0.007679036674
1.093,0.0001850681507,0.001682264316,0.003921322099,0.006001074679,0.007679001654
1.094,0.0001851979574,0.001682600058,0.003921650112,0.00600125365,0.007678966523
1.095,0.0001853278217,0.001682935759,0.003921978029,0.006001432504,0.007678931282
1.096,0.0001854577433,0.00168327142,0.00392230585,0.00600161124,0.007678895931
1.097,0.0001855877225,0.001683607041,0.003922633575,0.006001789859,0.007678860468
1.098,0.000185717759,0.001683942622,0.003922961204,0.006001968361,0.007678824896
1.099,0.0001858478531,0.001684278163,0.003923288737,0.006002146746,0.007678789213
1.1,0.0001859780045,0.001684613664,0.003923616175,0.006002325013,0.00767875342
1.101,0.0001861082134,0.001684949125,0.003923943517,0.006002503163,0.007678717516
1.102,0.0001862384797,0.001685284546,0.003924270763,0.006002681196,0.007678681502
1.103,0.0001863688033,0.001685619927,0.003924597913,0.006002859112,0.007678645378
1.104,0.0001864991844,0.001685955267,0.003924924968,0.00600303691,0.007678609144
1.105,0.0001866296229,0.001686290568,0.003925251927,0.006003214592,0.0076785728
1.106,0.0001867601188,0.001686625828,0.00392557879,0.006003392157,0.007678536345
1.107,0.000186890672,0.001686961048,0.003925905557,0.006003569604,0.007678499781
1.108,0.0001870212827,0.001687296228,0.003926232229,0.006003746935,0.007678463106
1.109,0.0001871519506,0.001687631368,0.003926558805,0.006003924148,0.007678426322
1.11,0.000187282676,0.001687966468,0.003926885285,0.006004101245,0.007678389428
1.111,0.0001874134587,0.001688301528,0.00392721167,0.006004278225,0.007678352423
1.112,0.0001875442987,0.001688636547,0.00392753796,0.006004455088,0.007678315309
1.113,0.0001876751961,0.001688971527,0.003927864153,0.006004631834,0.007678278086
1.114,0.0001878061508,0.001689306466,0.003928190251,0.006004808464,0.007678240752
1.115,0.0001879371628,0.001689641365,0.003928516254,0.006004984977,0.007678203309
1.116,0.0001880682321,0.001689976224,0.003928842161,0.006005161373,0.007678165756
1.117,0.0001881993587,0.001690311042,0.003929167972,0.006005337652,0.007678128093
1.118,0.0001883305427,0.001690645821,0.003929493688,0.006005513815,0.007678090321
1.119,0.0001884617839,0.001690980559,0.003929819309,0.006005689861,0.00767805244
1.12,0.0001885930824,0.001691315257,0.003930144833,0.006005865791,0.007678014449
1.121,0.0001887244381,0.001691649915,0.003930470263,0.006006041604,0.007677976348
1.122,0.0001888558512,0.001691984533,0.003930795597,0.006006217301,0.007677938138
1.123,0.0001889873214,0.00169231911,0.003931120836,0.006006392881,0.007677899819
1.124,0.000189118849,0.001692653647,0.003931445979,0.006006568345,0.00767786139
1.125,0.0001892504338,0.001692988144,0.003931771027,0.006006743692,0.007677822853
1.126,0.0001893820758,0.001693322601,0.003932095979,0.006006918923,0.007677784206
1.127,0.000189513775,0.001693657017,0.003932420836,0.006007094037,0.007677745449
1.128,0.0001896455315,0.001693991393,0.003932745598,0.006007269036,0.007677706584
1.129,0.0001897773451,0.001694325729,0.003933070265,0.006007443918,0.007677667609
1.13,0.000189909216,0.001694660025,0.003933394836,0.006007618684,0.007677628526
1.131,0.0001900411441,0.00169499428,0.003933719312,0.006007793333,0.007677589334
1.132,0.0001901731293,0.001695328495,0.003934043692,0.006007967867,0.007677550032
1.133,0.0001903051718,0.00169566267,0.003934367977,0.006008142284,0.007677510622
1.134,0.0001904372714,0.001695996804,0.003934692167,0.006008316585,0.007677471103
1.135,0.0001905694281,0.001696330898,0.003935016262,0.006008490771,0.007677431474
1.136,0.000190701642,0.001696664952,0.003935340262,0.00600866484,0.007677391738
1.137,0.0001908339131,0.001696998965,0.003935664166,0.006008838793,0.007677351892
1.138,0.0001909662413,0.001697332939,0.003935987976,0.00600901263,0.007677311938
1.139,0.0001910986266,0.001697666871,0.00393631169,0.006009186351,0.007677271875
1.14,0.0001912310691,0.001698000764,0.003936635309,0.006009359957,0.007677231703
1.141,0.0001913635686,0.001698334616,0.003936958833,0.006009533446,0.007677191423
1.142,0.0001914961253,0.001698668428,0.003937282261,0.00600970682,0.007677151034
1.143,0.0001916287391,0.001699002199,0.003937605595,0.006009880078,0.007677110537
1.144,0.0001917614099,0.001699335931,0.003937928834,0.00601005322,0.007677069932
1.145,0.0001918941379,0.001699669621,0.003938251977,0.006010226246,0.007677029218
1.146,0.0001920269229,0.001700003272,0.003938575025,0.006010399157,0.007676988395
1.147,0.0001921597649,0.001700336882,0.003938897979,0.006010571952,0.007676947464
1.148,0.0001922926641,0.001700670451,0.003939220837,0.006010744631,0.007676906426
1.149,0.0001924256202,0.00170100398,0.003939543601,0.006010917195,0.007676865278
1.15,0.0001925586334,0.001701337469,0.003939866269,0.006011089643,0.007676824023
1.151,0.0001926917037,0.001701670918,0.003940188843,0.006011261976,0.007676782659
1.152,0.0001928248309,0.001702004325,0.003940511321,0.006011434193,0.007676741188
1.153,0.0001929580152,0.001702337693,0.003940833705,0.006011606295,0.007676699608
1.154,0.0001930912565,0.00170267102,0.003941155994,0.006011778281,0.00767665792
1.155,0.0001932245547,0.001703004307,0.003941478188,0.006011950152,0.007676616125
1.156,0.00019335791,0.001703337553,0.003941800286,0.006012121908,0.007676574221
1.157,0.0001934913222,0.001703670759,0.003942122291,0.006012293548,0.00767653221
1.158,0.0001936247914,0.001704003924,0.0039424442,0.006012465073,0.00767649009
1.159,0.0001937583176,0.001704337049,0.003942766014,0.006012636482,0.007676447863
1.16,0.0001938919007,0.001704670134,0.003943087734,0.006012807777,0.007676405528
1.161,0.0001940255408,0.001705003178,0.003943409359,0.006012978956,0.007676363086
1.162,0.0001941592378,0.001705336181,0.003943730889,0.00601315002,0.007676320535
1.163,0.0001942929917,0.001705669144,0.003944052324,0.006013320969,0.007676277878
1.164,0.0001944268025,0.001706002067,0.003944373665,0.006013491802,0.007676235112
1.165,0.0001945606703,0.001706334949,0.00394469491,0.006013662521,0.007676192239
1.166,0.0001946945949,0.00170666779,0.003945016062,0.006013833125,0.007676149258
1.167,0.0001948285765,0.001707000591,0.003945337118,0.006014003613,0.00767610617
1.168,0.0001949626149,0.001707333352,0.00394565808,0.006014173987,0.007676062975
1.169,0.0001950967102,0.001707666072,0.003945978947,0.006014344246,0.007676019672
1.17,0.0001952308623,0.001707998751,0.003946299719,0.00601451439,0.007675976262
1.171,0.0001953650713,0.00170833139,0.003946620397,0.006014684419,0.007675932745
1.172,0.0001954993372,0.001708663989,0.00394694098,0.006014854333,0.00767588912
1.173,0.0001956336599,0.001708996547,0.003947261469,0.006015024132,0.007675845388
1.174,0.0001957680394,0.001709329064,0.003947581863,0.006015193817,0.007675801549
1.175,0.0001959024757,0.001709661541,0.003947902162,0.006015363387,0.007675757603
1.176,0.0001960369689,0.001709993977,0.003948222367,0.006015532842,0.00767571355
1.177,0.0001961715188,0.001710326373,0.003948542478,0.006015702182,0.007675669389
1.178,0.0001963061256,0.001710658728,0.003948862494,0.006015871408,0.007675625122
1.179,0.0001964407891,0.001710991042,0.003949182415,0.006016040519,0.007675580748
1.18,0.0001965755094,0.001711323316,0.003949502242,0.006016209516,0.007675536267
1.181,0.0001967102864,0.00171165555,0.003949821974,0.006016378398,0.007675491679
1.182,0.0001968451203,0.001711987742,0.003950141612,0.006016547165,0.007675446984
1.183,0.0001969800108,0.001712319894,0.003950461156,0.006016715818,0.007675402182
1.184,0.0001971149581,0.001712652006,0.003950780605,0.006016884357,0.007675357274
1.185,0.0001972499621,0.001712984077,0.00395109996,0.006017052781,0.007675312259
1.186,0.0001973850229,0.001713316107,0.00395141922,0.006017221091,0.007675267137
1.187,0.0001975201403,0.001713648097,0.003951738386,0.006017389287,0.007675221909
1.188,0.0001976553145,0.001713980046,0.003952057458,0.006017557368,0.007675176574
1.189,0.0001977905453,0.001714311954,0.003952376436,0.006017725335,0.007675131133
1.19,0.0001979258328,0.001714643822,0.003952695319,0.006017893187,0.007675085585
1.191,0.000198061177,0.001714975649,0.003953014107,0.006018060926,0.00767503993
1.192,0.0001981965778,0.001715307436,0.003953332802,0.00601822855,0.00767499417
1.193,0.0001983320353,0.001715639181,0.003953651402,0.00601839606,0.007674948303
1.194,0.0001984675494,0.001715970887,0.003953969908,0.006018563456,0.007674902329
1.195,0.0001986031202,0.001716302551,0.00395428832,0.006018730738,0.007674856249
1.196,0.0001987387476,0.001716634175,0.003954606637,0.006018897906,0.007674810064
1.197,0.0001988744316,0.001716965758,0.003954924861,0.00601906496,0.007674763772
1.198,0.0001990101722,0.0017172973,0.00395524299,0.0060192319,0.007674717373
1.199,0.0001991459694,0.001717628802,0.003955561025,0.006019398726,0.007674670869
1.2,0.0001992818232,0.001717960263,0.003955878966,0.006019565438,0.007674624259
