V_reverse_V,Cov_F,Cj_F,Cj_bottom_F,Cj_side_F
0,6.57277998e-14,2.276537749e-14,2.004687362e-14,2.718503867e-15
0.02,6.57277998e-14,2.255435249e-14,1.985479033e-14,2.699562161e-15
0.04,6.57277998e-14,2.235149932e-14,1.96703359e-14,2.681163425e-15
0.06,6.57277998e-14,2.215627182e-14,1.9492991e-14,2.663280815e-15
0.08,6.57277998e-14,2.196817489e-14,1.932228554e-14,2.645889351e-15
0.1,6.57277998e-14,2.17867585e-14,1.915779275e-14,2.628965748e-15
0.12,6.57277998e-14,2.16116124e-14,1.899912413e-14,2.612488272e-15
0.14,6.57277998e-14,2.144236169e-14,1.884592508e-14,2.596436605e-15
0.16,6.57277998e-14,2.127866291e-14,1.869787118e-14,2.58079173e-15
0.18,6.57277998e-14,2.112020073e-14,1.85546649e-14,2.565535825e-15
0.2,6.57277998e-14,2.096668494e-14,1.841603277e-14,2.550652163e-15
0.22,6.57277998e-14,2.081784795e-14,1.828172292e-14,2.536125032e-15
0.24,6.57277998e-14,2.067344254e-14,1.815150289e-14,2.521939649e-15
0.26,6.57277998e-14,2.053323986e-14,1.802515776e-14,2.508082098e-15
0.28,6.57277998e-14,2.039702767e-14,1.790248841e-14,2.494539256e-15
0.3,6.57277998e-14,2.026460884e-14,1.77833101e-14,2.481298745e-15
0.32,6.57277998e-14,2.013579997e-14,1.76674511e-14,2.468348867e-15
0.34,6.57277998e-14,2.001043012e-14,1.755475156e-14,2.455678568e-15
0.36,6.57277998e-14,1.988833979e-14,1.744506241e-14,2.443277381e-15
0.38,6.57277998e-14,1.976937988e-14,1.733824449e-14,2.431135394e-15
0.4,6.57277998e-14,1.965341088e-14,1.723416767e-14,2.41924321e-15
0.42,6.57277998e-14,1.954030203e-14,1.713271012e-14,2.407591912e-15
0.44,6.57277998e-14,1.942993065e-14,1.703375762e-14,2.396173032e-15
0.46,6.57277998e-14,1.932218149e-14,1.693720296e-14,2.384978522e-15
0.48,6.57277998e-14,1.921694613e-14,1.68429454e-14,2.374000728e-15
0.5,6.57277998e-14,1.91141225e-14,1.675089014e-14,2.363232364e-15
0.52,6.57277998e-14,1.901361439e-14,1.66609479e-14,2.352666489e-15
0.54,6.57277998e-14,1.8915331e-14,1.657303451e-14,2.342296489e-15
0.56,6.57277998e-14,1.881918656e-14,1.648707051e-14,2.332116053e-15
0.58,6.57277998e-14,1.87251e-14,1.640298084e-14,2.322119159e-15
0.6,6.57277998e-14,1.863299455e-14,1.63206945e-14,2.312300055e-15
0.62,6.57277998e-14,1.854279754e-14,1.62401443e-14,2.302653243e-15
0.64,6.57277998e-14,1.845444004e-14,1.616126658e-14,2.293173465e-15
0.66,6.57277998e-14,1.836785665e-14,1.608400096e-14,2.283855692e-15
0.68,6.57277998e-14,1.828298527e-14,1.600829016e-14,2.274695106e-15
0.7,6.57277998e-14,1.819976685e-14,1.593407975e-14,2.265687096e-15
0.72,6.57277998e-14,1.811814525e-14,1.586131802e-14,2.256827237e-15
0.74,6.57277998e-14,1.803806703e-14,1.578995574e-14,2.248111291e-15
0.76,6.57277998e-14,1.795948125e-14,1.571994607e-14,2.239535187e-15
0.78,6.57277998e-14,1.78823394e-14,1.565124438e-14,2.231095019e-15
0.8,6.57277998e-14,1.780659517e-14,1.558380813e-14,2.222787036e-15
0.82,6.57277998e-14,1.773220435e-14,1.551759672e-14,2.214607633e-15
0.84,6.57277998e-14,1.765912474e-14,1.54525714e-14,2.206553343e-15
0.86,6.57277998e-14,1.758731599e-14,1.538869515e-14,2.198620833e-15
0.88,6.57277998e-14,1.751673949e-14,1.53259326e-14,2.190806895e-15
0.9,6.57277998e-14,1.744735834e-14,1.52642499e-14,2.183108442e-15
0.92,6.57277998e-14,1.737913715e-14,1.520361466e-14,2.175522497e-15
0.94,6.57277998e-14,1.731204207e-14,1.514399587e-14,2.168046197e-15
0.96,6.57277998e-14,1.724604061e-14,1.508536383e-14,2.160676779e-15
0.98,6.57277998e-14,1.718110163e-14,1.502769005e-14,2.153411578e-15
1,6.57277998e-14,1.711719524e-14,1.497094721e-14,2.146248026e-15
1.02,6.57277998e-14,1.705429275e-14,1.49151091e-14,2.139183643e-15
1.04,6.57277998e-14,1.699236659e-14,1.486015055e-14,2.132216035e-15
1.06,6.57277998e-14,1.693139028e-14,1.480604739e-14,2.125342888e-15
1.08,6.57277998e-14,1.687133834e-14,1.475277637e-14,2.118561971e-15
1.1,6.57277998e-14,1.681218628e-14,1.470031516e-14,2.111871124e-15
1.12,6.57277998e-14,1.675391052e-14,1.464864226e-14,2.105268259e-15
1.14,6.57277998e-14,1.669648836e-14,1.4597737e-14,2.098751359e-15
1.16,6.57277998e-14,1.663989792e-14,1.454757945e-14,2.09231847e-15
1.18,6.57277998e-14,1.658411815e-14,1.449815045e-14,2.085967702e-15
1.2,6.57277998e-14,1.652912872e-14,1.44494315e-14,2.079697226e-15
